"STATION","NAME","LATITUDE","LONGITUDE","ELEVATION","DATE","AWND","AWND_ATTRIBUTES","PRCP","PRCP_ATTRIBUTES","PSUN","PSUN_ATTRIBUTES","SNOW","SNOW_ATTRIBUTES","SNWD","SNWD_ATTRIBUTES","TAVG","TAVG_ATTRIBUTES","TMAX","TMAX_ATTRIBUTES","TMIN","TMIN_ATTRIBUTES","TSUN","TSUN_ATTRIBUTES","WDF2","WDF2_ATTRIBUTES","WDF5","WDF5_ATTRIBUTES","WSF2","WSF2_ATTRIBUTES","WSF5","WSF5_ATTRIBUTES","WT01","WT01_ATTRIBUTES","WT02","WT02_ATTRIBUTES","WT03","WT03_ATTRIBUTES","WT04","WT04_ATTRIBUTES","WT05","WT05_ATTRIBUTES","WT06","WT06_ATTRIBUTES","WT07","WT07_ATTRIBUTES","WT08","WT08_ATTRIBUTES","WT09","WT09_ATTRIBUTES"
"USW00024157","SPOKANE INTERNATIONAL AIRPORT, WA US","47.6216","-117.528","717.2","2018-01-01","5.14",",,W","0.00","T,,W,2400",,,"0.0","T,,W","2.0",",,W","18","H,,S","22",",,W","14",",,W",,,"   20",",,W","  360",",,W","10.1",",,W","12.1",",,W","    1",",,W",,,,,,,,,,,,,,,,
"USW00024157","SPOKANE INTERNATIONAL AIRPORT, WA US","47.6216","-117.528","717.2","2018-01-02","7.38",",,W","0.00",",,W,2400",,,"0.0",",,W","2.0",",,W","22","H,,S","24",",,W","20",",,W",,,"   40",",,W","   40",",,W","13.0",",,W","15.0",",,W","    1",",,W",,,,,,,,,,,,,,,,
"USW00024157","SPOKANE INTERNATIONAL AIRPORT, WA US","47.6216","-117.528","717.2","2018-01-03","6.71",",,W","0.00",",,W,2400",,,"0.0",",,W","2.0",",,W","24","H,,S","30",",,W","21",",,W",,,"   40",",,W","   70",",,W","12.1",",,W","14.1",",,W",,,,,,,,,,,,,,,,,,
"USW00024157","SPOKANE INTERNATIONAL AIRPORT, WA US","47.6216","-117.528","717.2","2018-01-04","6.93",",,W","0.00","T,,W,2400",,,"0.0","T,,W","2.0",",,W","25","H,,S","31",",,W","20",",,W",,,"   50",",,W","   50",",,W","13.0",",,W","16.1",",,W",,,,,,,,,,,"    1",",,W",,,,,,
"USW00024157","SPOKANE INTERNATIONAL AIRPORT, WA US","47.6216","-117.528","717.2","2018-01-05","7.38",",,W","0.04",",,W,2400",,,"0.0","T,,W","2.0",",,W","31","H,,S","36",",,W","28",",,W",,,"  230",",,W","  230",",,W","16.1",",,W","18.1",",,W","    1",",,W",,,,,,,,,"    1",",,W",,,,,,
"USW00024157","SPOKANE INTERNATIONAL AIRPORT, WA US","47.6216","-117.528","717.2","2018-01-06","6.71",",,W","0.04",",,W,2400",,,"0.0","T,,W","2.0",",,W","32","H,,S","34",",,W","30",",,W",,,"  220",",,W","  190",",,W","12.1",",,W","14.1",",,W","    1",",,W","    1",",,W",,,,,,,"    1",",,W",,,,,,
"USW00024157","SPOKANE INTERNATIONAL AIRPORT, WA US","47.6216","-117.528","717.2","2018-01-07","4.70",",,W","0.06",",,W,2400",,,"0.2",",,W","2.0",",,W","33","H,,S","37",",,W","32",",,W",,,"  210",",,W","  210",",,W","10.1",",,W","14.1",",,W","    1",",,W",,,,,,,,,,,,,,,,
"USW00024157","SPOKANE INTERNATIONAL AIRPORT, WA US","47.6216","-117.528","717.2","2018-01-08","5.37",",,W","0.00","T,,W,2400",,,"0.0","T,,W","2.0",",,W","34","H,,S","35",",,W","32",",,W",,,"   70",",,W","   50",",,W","10.1",",,W","13.0",",,W","    1",",,W","    1",",,W",,,,,,,,,,,,,,
"USW00024157","SPOKANE INTERNATIONAL AIRPORT, WA US","47.6216","-117.528","717.2","2018-01-09","8.05",",,W","0.33",",,W,2400",,,"0.0","T,,W","2.0",",,W","35","H,,S","40",",,W","32",",,W",,,"  220",",,W","  220",",,W","17.0",",,W","19.9",",,W","    1",",,W","    1",",,W",,,,,,,,,,,,,,
"USW00024157","SPOKANE INTERNATIONAL AIRPORT, WA US","47.6216","-117.528","717.2","2018-01-10","13.20",",,W","0.00","T,,W,2400",,,"0.0","T,,W","1.2",",,W","33","H,,S","37",",,W","30",",,W",,,"  220",",,W","  210",",,W","19.9",",,W","23.0",",,W","    1",",,W","    1",",,W",,,,,,,,,,,,,,
"USW00024157","SPOKANE INTERNATIONAL AIRPORT, WA US","47.6216","-117.528","717.2","2018-01-11","4.70",",,W","0.70",",,W,2400",,,"6.3",",,W","0.0","T,,W","33","H,,S","33",",,W","31",",,W",,,"   60",",,W","   70",",,W","8.9",",,W","12.1",",,W","    1",",,W","    1",",,W",,,,,,,,,,,,,,
"USW00024157","SPOKANE INTERNATIONAL AIRPORT, WA US","47.6216","-117.528","717.2","2018-01-12","3.58",",,W","0.01",",,W,2400",,,"0.2",",,W","5.9",",,W","32","H,,S","37",",,W","32",",,W",,,"  210",",,W","  220",",,W","17.0",",,W","21.0",",,W","    1",",,W","    1",",,W",,,,,,,,,,,,,,
"USW00024157","SPOKANE INTERNATIONAL AIRPORT, WA US","47.6216","-117.528","717.2","2018-01-13","5.59",",,W","0.03",",,W,2400",,,"0.0",",,W","2.0",",,W","37","H,,S","44",",,W","34",",,W",,,"  210",",,W","  210",",,W","15.0",",,W","19.9",",,W","    1",",,W","    1",",,W",,,,,,,,,,,,,,
"USW00024157","SPOKANE INTERNATIONAL AIRPORT, WA US","47.6216","-117.528","717.2","2018-01-14","7.61",",,W","0.00",",,W,2400",,,"0.0",",,W","1.2",",,W","35","H,,S","41",",,W","30",",,W",,,"   50",",,W","   50",",,W","14.1",",,W","16.1",",,W","    1",",,W","    1",",,W",,,,,,,,,,,,,,
"USW00024157","SPOKANE INTERNATIONAL AIRPORT, WA US","47.6216","-117.528","717.2","2018-01-15","8.50",",,W","0.00",",,W,2400",,,"0.0",",,W","1.2",",,W","34","H,,S","44",",,W","27",",,W",,,"   70",",,W","   70",",,W","18.1",",,W","23.0",",,W","    1",",,W",,,,,,,,,,,,,,,,
"USW00024157","SPOKANE INTERNATIONAL AIRPORT, WA US","47.6216","-117.528","717.2","2018-01-16","5.37",",,W","0.09",",,W,2400",,,"0.0",",,W","1.2",",,W","35","H,,S","38",",,W","30",",,W",,,"  160",",,W","  160",",,W","19.9",",,W","23.9",",,W","    1",",,W","    1",",,W",,,,,,,,,,,,,,
"USW00024157","SPOKANE INTERNATIONAL AIRPORT, WA US","47.6216","-117.528","717.2","2018-01-17","6.71",",,W","0.03",",,W,2400",,,"0.0",",,W","0.0","T,,W","34","H,,S","42",",,W","32",",,W",,,"   60",",,W","  110",",,W","13.0",",,W","15.0",",,W","    1",",,W","    1",",,W",,,,,,,,,,,,,,
"USW00024157","SPOKANE INTERNATIONAL AIRPORT, WA US","47.6216","-117.528","717.2","2018-01-18","11.86",",,W","0.33",",,W,2400",,,"0.0",",,W","0.0","T,,W","39","H,,S","44",",,W","32",",,W",,,"  200",",,W","  200",",,W","25.9",",,W","35.1",",,W","    1",",,W",,,,,,,,,,,,,,,,
"USW00024157","SPOKANE INTERNATIONAL AIRPORT, WA US","47.6216","-117.528","717.2","2018-01-19","9.62",",,W","0.00",",,W,2400",,,"0.0",",,W","0.0","T,,W","35","H,,S","38",",,W","32",",,W",,,"  210",",,W","  200",",,W","16.1",",,W","19.9",",,W","    1",",,W",,,,,,,,,,,,,,,,
"USW00024157","SPOKANE INTERNATIONAL AIRPORT, WA US","47.6216","-117.528","717.2","2018-01-20","9.17",",,W","0.01",",,W,2400",,,"0.1",",,W","0.0","T,,W","34","H,,S","37",",,W","30",",,W",,,"  200",",,W","  210",",,W","16.1",",,W","21.9",",,W","    1",",,W",,,,,,,,,,,,,,,,
"USW00024157","SPOKANE INTERNATIONAL AIRPORT, WA US","47.6216","-117.528","717.2","2018-01-21","10.96",",,W","0.05",",,W,2400",,,"0.0","T,,W","0.0","T,,W","34","H,,S","39",",,W","30",",,W",,,"  200",",,W","  200",",,W","19.9",",,W","25.1",",,W","    1",",,W",,,,,,,,,,,,,,,,
"USW00024157","SPOKANE INTERNATIONAL AIRPORT, WA US","47.6216","-117.528","717.2","2018-01-22","11.18",",,W","0.00",",,W,2400",,,"0.0",",,W","0.0","T,,W","35","H,,S","38",",,W","30",",,W",,,"  220",",,W","  220",",,W","21.9",",,W","25.9",",,W","    1",",,W",,,,,,,,,,,,,,,,
"USW00024157","SPOKANE INTERNATIONAL AIRPORT, WA US","47.6216","-117.528","717.2","2018-01-23","6.71",",,W","0.33",",,W,2400",,,"0.7",",,W","0.0",",,W","32","H,,S","38",",,W","27",",,W",,,"  160",",,W","  150",",,W","15.0",",,W","19.9",",,W","    1",",,W",,,,,,,,,,,,,,,,
"USW00024157","SPOKANE INTERNATIONAL AIRPORT, WA US","47.6216","-117.528","717.2","2018-01-24","11.63",",,W","0.33",",,W,2400",,,"0.0",",,W","0.0",",,W","37","H,,S","42",",,W","35",",,W",,,"  240",",,W","  250",",,W","28.0",",,W","32.0",",,W","    1",",,W",,,,,,,,,,,,,,,,
"USW00024157","SPOKANE INTERNATIONAL AIRPORT, WA US","47.6216","-117.528","717.2","2018-01-25","10.51",",,W","0.04",",,W,2400",,,"0.1",",,W","0.0",",,W","37","H,,S","40",",,W","31",",,W",,,"  210",",,W","  210",",,W","21.0",",,W","28.0",",,W","    1",",,W",,,,,,,,,,,,,,,,
"USW00024157","SPOKANE INTERNATIONAL AIRPORT, WA US","47.6216","-117.528","717.2","2018-01-26","13.20",",,W","0.01",",,W,2400",,,"0.2",",,W","0.0",",,W","33","H,,S","37",",,W","30",",,W",,,"  220",",,W","  230",",,W","23.0",",,W","29.1",",,W","    1",",,W",,,,,,,,,,,,,,,,
"USW00024157","SPOKANE INTERNATIONAL AIRPORT, WA US","47.6216","-117.528","717.2","2018-01-27","13.20",",,W","0.04",",,W,2400",,,"0.3",",,W","0.0",",,W","35","H,,S","45",",,W","33",",,W",,,"  230",",,W","  230",",,W","29.1",",,W","33.1",",,W","    1",",,W",,,,,,,,,,,,,,,,
"USW00024157","SPOKANE INTERNATIONAL AIRPORT, WA US","47.6216","-117.528","717.2","2018-01-28","5.37",",,W","0.01",",,W,2400",,,"0.0","T,,W","0.0",",,W","37","H,,S","42",",,W","33",",,W",,,"  150",",,W","  150",",,W","13.0",",,W","17.0",",,W","    1",",,W","    1",",,W",,,,,,,,,,,,,,
"USW00024157","SPOKANE INTERNATIONAL AIRPORT, WA US","47.6216","-117.528","717.2","2018-01-29","12.97",",,W","0.07",",,W,2400",,,"0.0",",,W","0.0",",,W","42","H,,S","53",",,W","35",",,W",,,"  220",",,W","  200",",,W","42.9",",,W","53.0",",,W","    1",",,W",,,,,,,,,,,,,,,,
"USW00024157","SPOKANE INTERNATIONAL AIRPORT, WA US","47.6216","-117.528","717.2","2018-01-30","16.11",",,W","0.00","T,,W,2400",,,"0.0",",,W","0.0",",,W","42","H,,S","45",",,W","32",",,W",,,"  230",",,W","  220",",,W","28.0",",,W","40.0",",,W",,,,,,,,,,,,,,,,,,
"USW00024157","SPOKANE INTERNATIONAL AIRPORT, WA US","47.6216","-117.528","717.2","2018-01-31","7.61",",,W","0.00",",,W,2400",,,"0.0",",,W","0.0",",,W","33","H,,S","38",",,W","27",",,W",,,"  220",",,W","  220",",,W","16.1",",,W","19.9",",,W",,,,,,,,,,,,,,,,,,
"USW00024157","SPOKANE INTERNATIONAL AIRPORT, WA US","47.6216","-117.528","717.2","2018-02-01","6.71",",,W","0.18",",,W,2400",,,"0.5",",,W","0.0","T,,W","33","H,,S","39",",,W","30",",,W",,,"  200",",,W","  200",",,W","13.0",",,W","16.1",",,W","    1",",,W",,,,,,,,,,,,,,,,
"USW00024157","SPOKANE INTERNATIONAL AIRPORT, WA US","47.6216","-117.528","717.2","2018-02-02","7.61",",,W","0.20",",,W,2400",,,"0.0","T,,W","1.2",",,W","35","H,,S","44",",,W","32",",,W",,,"  230",",,W","  220",",,W","25.1",",,W","31.1",",,W","    1",",,W","    1",",,W",,,,,,,,,,,,,,
"USW00024157","SPOKANE INTERNATIONAL AIRPORT, WA US","47.6216","-117.528","717.2","2018-02-03","17.00",",,W","0.00","T,,W,2400",,,"0.0",",,W","0.0",",,W","43","H,,S","52",",,W","40",",,W",,,"  240",",,W","  240",",,W","23.9",",,W","29.1",",,W",,,,,,,,,,,,,,,,,,
"USW00024157","SPOKANE INTERNATIONAL AIRPORT, WA US","47.6216","-117.528","717.2","2018-02-04","15.88",",,W","0.06",",,W,2400",,,"0.0",",,W","0.0",",,W","46","H,,S","51",",,W","43",",,W",,,"  240",",,W","  230",",,W","33.1",",,W","40.9",",,W","    1",",,W",,,,,,,,,,,,,,,,
"USW00024157","SPOKANE INTERNATIONAL AIRPORT, WA US","47.6216","-117.528","717.2","2018-02-05","8.50",",,W","0.00","T,,W,2400",,,"0.0",",,W","0.0",",,W","44","H,,S","47",",,W","39",",,W",,,"  230",",,W","  220",",,W","21.0",",,W","25.9",",,W",,,,,,,,,,,,,,,,,,
"USW00024157","SPOKANE INTERNATIONAL AIRPORT, WA US","47.6216","-117.528","717.2","2018-02-06","8.28",",,W","0.00","T,,W,2400",,,"0.0",",,W","0.0",",,W","41","H,,S","45",",,W","35",",,W",,,"  210",",,W","  200",",,W","15.0",",,W","19.0",",,W","    1",",,W",,,,,,,,,,,,,,,,
"USW00024157","SPOKANE INTERNATIONAL AIRPORT, WA US","47.6216","-117.528","717.2","2018-02-07","11.86",",,W","0.00","T,,W,2400",,,"0.0",",,W","0.0",",,W","43","H,,S","48",",,W","38",",,W",,,"  210",",,W","  210",",,W","18.1",",,W","23.0",",,W",,,,,,,,,,,,,,,,,,
"USW00024157","SPOKANE INTERNATIONAL AIRPORT, WA US","47.6216","-117.528","717.2","2018-02-08","17.67",",,W","0.00",",,W,2400",,,"0.0",",,W","0.0",",,W","47","H,,S","56",",,W","34",",,W",,,"  240",",,W","  200",",,W","31.1",",,W","36.9",",,W",,,,,,,,,,,,,,,,,,
"USW00024157","SPOKANE INTERNATIONAL AIRPORT, WA US","47.6216","-117.528","717.2","2018-02-09","6.04",",,W","0.00",",,W,2400",,,"0.0",",,W","0.0",",,W","38","H,,S","41",",,W","26",",,W",,,"  290",",,W","  290",",,W","15.0",",,W","18.1",",,W",,,,,,,,,,,,,,,,,,
"USW00024157","SPOKANE INTERNATIONAL AIRPORT, WA US","47.6216","-117.528","717.2","2018-02-10","6.71",",,W","0.00",",,W,2400",,,"0.0",",,W","0.0",",,W","28","H,,S","36",",,W","20",",,W",,,"  240",",,W","  230",",,W","17.0",",,W","19.9",",,W",,,,,,,,,,,,,,,,,,
"USW00024157","SPOKANE INTERNATIONAL AIRPORT, WA US","47.6216","-117.528","717.2","2018-02-11","10.07",",,W","0.00",",,W,2400",,,"0.0",",,W","0.0",",,W","28","H,,S","37",",,W","23",",,W",,,"   30",",,W","   30",",,W","17.0",",,W","21.9",",,W",,,,,,,,,,,,,,,,,,
"USW00024157","SPOKANE INTERNATIONAL AIRPORT, WA US","47.6216","-117.528","717.2","2018-02-12","9.84",",,W","0.00",",,W,2400",,,"0.0",",,W","0.0",",,W","25","H,,S","33",",,W","18",",,W",,,"   20",",,W","   20",",,W","21.0",",,W","23.9",",,W",,,,,,,,,,,,,,,,,,
"USW00024157","SPOKANE INTERNATIONAL AIRPORT, WA US","47.6216","-117.528","717.2","2018-02-13","6.04",",,W","0.00",",,W,2400",,,"0.0",",,W","0.0",",,W","26","H,,S","39",",,W","19",",,W",,,"  150",",,W","  150",",,W","13.0",",,W","16.1",",,W",,,,,,,,,,,,,,,,,,
"USW00024157","SPOKANE INTERNATIONAL AIRPORT, WA US","47.6216","-117.528","717.2","2018-02-14","6.26",",,W","0.57",",,W,2400",,,"7.3",",,W","3.1",",,W","32","H,,S","33",",,W","22",",,W",,,"  230",",,W","  230",",,W","17.0",",,W","19.0",",,W","    1",",,W",,,,,,,,,,,,,"    1",",,W",,
"USW00024157","SPOKANE INTERNATIONAL AIRPORT, WA US","47.6216","-117.528","717.2","2018-02-15","7.16",",,W","0.00",",,W,2400",,,"0.0",",,W","5.1",",,W","24","H,,S","32",",,W","11",",,W",,,"  240",",,W","  240",",,W","16.1",",,W","17.0",",,W","    1",",,W",,,,,,,,,,,,,,,,
"USW00024157","SPOKANE INTERNATIONAL AIRPORT, WA US","47.6216","-117.528","717.2","2018-02-16","13.42",",,W","0.17",",,W,2400",,,"0.8",",,W","3.9",",,W","30","H,,S","38",",,W","26",",,W",,,"  220",",,W","  220",",,W","31.1",",,W","36.9",",,W","    1",",,W",,,"    1",",,W",,,"    1",",,W",,,,,,,"    1",",,W"
"USW00024157","SPOKANE INTERNATIONAL AIRPORT, WA US","47.6216","-117.528","717.2","2018-02-17","12.75",",,W","0.30",",,W,2400",,,"1.9",",,W","3.1",",,W","33","H,,S","41",",,W","30",",,W",,,"  240",",,W","  250",",,W","36.9",",,W","49.0",",,W","    1",",,W",,,,,,,"    1",",,W",,,,,,,,
"USW00024157","SPOKANE INTERNATIONAL AIRPORT, WA US","47.6216","-117.528","717.2","2018-02-18","14.09",",,W","0.00","T,,W,2400",,,"0.2",",,W","3.1",",,W","29","H,,S","33",",,W","13",",,W",,,"   40",",,W","   40",",,W","23.0",",,W","28.0",",,W","    1",",,W",,,,,,,,,,,,,,,,
"USW00024157","SPOKANE INTERNATIONAL AIRPORT, WA US","47.6216","-117.528","717.2","2018-02-19","8.72",",,W","0.00",",,W,2400",,,"0.0",",,W","3.1",",,W","14","H,,S","20",",,W","6",",,W",,,"   30",",,W","   30",",,W","17.0",",,W","21.9",",,W",,,,,,,,,,,,,,,,,,
"USW00024157","SPOKANE INTERNATIONAL AIRPORT, WA US","47.6216","-117.528","717.2","2018-02-20","5.14",",,W","0.00","T,,W,2400",,,"0.0","T,,W","3.1",",,W","13","H,,S","21",",,W","8",",,W",,,"  140",",,W","  140",",,W","12.1",",,W","14.1",",,W",,,,,,,,,,,,,,,"    1",",,W",,
"USW00024157","SPOKANE INTERNATIONAL AIRPORT, WA US","47.6216","-117.528","717.2","2018-02-21","3.58",",,W","0.00","T,,W,2400",,,"0.0","T,,W","2.0",",,W","13","H,,S","24",",,W","4",",,W",,,"  140",",,W","  140",",,W","8.9",",,W","12.1",",,W","    1",",,W",,,,,,,,,,,,,,,,
"USW00024157","SPOKANE INTERNATIONAL AIRPORT, WA US","47.6216","-117.528","717.2","2018-02-22","7.83",",,W","0.00","T,,W,2400",,,"0.0","T,,W","2.0",",,W","19","H,,S","27",",,W","12",",,W",,,"   40",",,W","   10",",,W","14.1",",,W","18.1",",,W","    1",",,W",,,,,,,,,,,,,"    1",",,W",,
"USW00024157","SPOKANE INTERNATIONAL AIRPORT, WA US","47.6216","-117.528","717.2","2018-02-23","10.51",",,W","0.05",",,W,2400",,,"0.3",",,W","2.0",",,W","18","H,,S","26",",,W","7",",,W",,,"  210",",,W","  210",",,W","21.0",",,W","25.1",",,W","    1",",,W",,,,,,,,,,,,,,,"    1",",,W"
"USW00024157","SPOKANE INTERNATIONAL AIRPORT, WA US","47.6216","-117.528","717.2","2018-02-24","8.28",",,W","0.07",",,W,2400",,,"0.9",",,W","3.1",",,W","24","H,,S","30",",,W","21",",,W",,,"  200",",,W","  200",",,W","17.0",",,W","23.9",",,W","    1",",,W",,,,,,,,,,,,,,,,
"USW00024157","SPOKANE INTERNATIONAL AIRPORT, WA US","47.6216","-117.528","717.2","2018-02-25","22.37",",,W","0.00",",,W,2400",,,"0.0",",,W","3.1",",,W","30","H,,S","39",",,W","25",",,W",,,"  220",",,W","  210",",,W","40.0",",,W","52.1",",,W",,,,,,,,,,,,,,,,,"    1",",,W"
"USW00024157","SPOKANE INTERNATIONAL AIRPORT, WA US","47.6216","-117.528","717.2","2018-02-26","7.61",",,W","0.00",",,W,2400",,,"0.0",",,W","2.0",",,W","28","H,,S","36",",,W","19",",,W",,,"  220",",,W","  220",",,W","17.0",",,W","19.9",",,W","    1",",,W",,,,,,,,,,,,,,,,
"USW00024157","SPOKANE INTERNATIONAL AIRPORT, WA US","47.6216","-117.528","717.2","2018-02-27","14.32",",,W","0.00","T,,W,2400",,,"0.1",",,W","2.0",",,W","28","H,,S","35",",,W","22",",,W",,,"  220",",,W","  200",",,W","23.0",",,W","29.1",",,W","    1",",,W",,,,,,,,,,,,,,,,
"USW00024157","SPOKANE INTERNATIONAL AIRPORT, WA US","47.6216","-117.528","717.2","2018-02-28","7.83",",,W","0.00",",,W,2400",,,"0.0",",,W","1.2",",,W","32","H,,S","39",",,W","27",",,W",,,"  200",",,W",,,"14.1",",,W",,,,,,,,,,,,,,,,,,,,
"USW00024157","SPOKANE INTERNATIONAL AIRPORT, WA US","47.6216","-117.528","717.2","2018-03-01","9.40",",,W","0.18",",,W,2400",,,"0.9",",,W","1.2",",,W","36","H,,S","39",",,W","32",",,W",,,"  130",",,W","  150",",,W","14.1",",,W","19.9",",,W","    1",",,W","    1",",,W",,,,,,,,,,,,,,
"USW00024157","SPOKANE INTERNATIONAL AIRPORT, WA US","47.6216","-117.528","717.2","2018-03-02","8.50",",,W","0.10",",,W,2400",,,"1.3",",,W","1.2",",,W","34","H,,S","36",",,W","30",",,W",,,"  200",",,W","  200",",,W","21.0",",,W","29.1",",,W","    1",",,W","    1",",,W",,,"    1",",,W",,,"    1",",,W",,,,,,
"USW00024157","SPOKANE INTERNATIONAL AIRPORT, WA US","47.6216","-117.528","717.2","2018-03-03","2.91",",,W","0.00",",,W,2400",,,"0.0",",,W","2.0",",,W","31","H,,S","43",",,W","21",",,W",,,"  140",",,W","  150",",,W","10.1",",,W","13.0",",,W","    1",",,W","    1",",,W",,,,,,,,,,,,,,
"USW00024157","SPOKANE INTERNATIONAL AIRPORT, WA US","47.6216","-117.528","717.2","2018-03-04","5.37",",,W","0.00","T,,W,2400",,,"0.0","T,,W","1.2",",,W","29","H,,S","37",",,W","22",",,W",,,"  220",",,W","  160",",,W","10.1",",,W","12.1",",,W","    1",",,W",,,,,,,,,,,,,,,,
"USW00024157","SPOKANE INTERNATIONAL AIRPORT, WA US","47.6216","-117.528","717.2","2018-03-05","8.05",",,W","0.00","T,,W,2400",,,"0.0","T,,W","1.2",",,W","33","H,,S","39",",,W","27",",,W",,,"  260",",,W","  220",",,W","15.0",",,W","17.0",",,W",,,,,,,,,,,,,,,,,,
"USW00024157","SPOKANE INTERNATIONAL AIRPORT, WA US","47.6216","-117.528","717.2","2018-03-06","4.03",",,W","0.00",",,W,2400",,,"0.0",",,W","0.0","T,,W","35","H,,S","42",",,W","30",",,W",,,"  160",",,W","  150",",,W","8.9",",,W","12.1",",,W",,,,,,,,,,,,,,,,,,
"USW00024157","SPOKANE INTERNATIONAL AIRPORT, WA US","47.6216","-117.528","717.2","2018-03-07","5.37",",,W","0.00",",,W,2400",,,"0.0",",,W","0.0","T,,W","33","H,,S","47",",,W","25",",,W",,,"   40",",,W","   40",",,W","12.1",",,W","14.1",",,W",,,,,,,,,,,,,,,,,,
"USW00024157","SPOKANE INTERNATIONAL AIRPORT, WA US","47.6216","-117.528","717.2","2018-03-08","10.96",",,W","0.16",",,W,2400",,,"0.0",",,W","0.0",",,W","40","H,,S","47",",,W","34",",,W",,,"  220",",,W","  220",",,W","30.0",",,W","38.0",",,W","    1",",,W",,,,,,,,,,,,,,,,
"USW00024157","SPOKANE INTERNATIONAL AIRPORT, WA US","47.6216","-117.528","717.2","2018-03-09","17.22",",,W","0.00","T,,W,2400",,,"0.0","T,,W","0.0",",,W","42","H,,S","45",",,W","30",",,W",,,"  260",",,W","  270",",,W","31.1",",,W","36.9",",,W",,,,,,,,,,,,,,,,,,
"USW00024157","SPOKANE INTERNATIONAL AIRPORT, WA US","47.6216","-117.528","717.2","2018-03-10","6.04",",,W","0.00",",,W,2400",,,"0.0",",,W","0.0",",,W","35","H,,S","49",",,W","26",",,W",,,"   50",",,W","   50",",,W","15.0",",,W","17.0",",,W",,,,,,,,,,,,,,,,,,
"USW00024157","SPOKANE INTERNATIONAL AIRPORT, WA US","47.6216","-117.528","717.2","2018-03-11","5.82",",,W","0.00",",,W,2400",,,"0.0",",,W","0.0",",,W","38","H,,S","55",",,W","29",",,W",,,"   70",",,W","   50",",,W","10.1",",,W","13.0",",,W",,,,,,,,,,,,,,,,,,
"USW00024157","SPOKANE INTERNATIONAL AIRPORT, WA US","47.6216","-117.528","717.2","2018-03-12","9.17",",,W","0.00",",,W,2400",,,"0.0",",,W","0.0",",,W","43","H,,S","59",",,W","32",",,W",,,"   70",",,W","   80",",,W","15.0",",,W","19.0",",,W",,,,,,,,,,,,,,,,,,
"USW00024157","SPOKANE INTERNATIONAL AIRPORT, WA US","47.6216","-117.528","717.2","2018-03-13","12.30",",,W","0.01",",,W,2400",,,"0.0",",,W","0.0",",,W","48","H,,S","63",",,W","38",",,W",,,"   70",",,W","   70",",,W","19.9",",,W","23.9",",,W",,,,,,,,,,,,,,,,,,
"USW00024157","SPOKANE INTERNATIONAL AIRPORT, WA US","47.6216","-117.528","717.2","2018-03-14","7.16",",,W","0.19",",,W,2400",,,"0.0",",,W","0.0",",,W","47","H,,S","45",",,W","37",",,W",,,"  210",",,W","  220",",,W","19.9",",,W","23.9",",,W","    1",",,W",,,,,,,,,,,,,,,,
"USW00024157","SPOKANE INTERNATIONAL AIRPORT, WA US","47.6216","-117.528","717.2","2018-03-15","5.59",",,W","0.00",",,W,2400",,,"0.0",",,W","0.0",",,W","39","H,,S","42",",,W","33",",,W",,,"  230",",,W","  230",",,W","15.0",",,W","17.0",",,W",,,,,,,,,,,,,,,,,,
"USW00024157","SPOKANE INTERNATIONAL AIRPORT, WA US","47.6216","-117.528","717.2","2018-03-16","4.92",",,W","0.00",",,W,2400",,,"0.0",",,W","0.0",",,W","38","H,,S","53",",,W","29",",,W",,,"  220",",,W","  220",",,W","21.0",",,W","23.9",",,W","    1",",,W",,,,,,,,,,,,,"    1",",,W",,
"USW00024157","SPOKANE INTERNATIONAL AIRPORT, WA US","47.6216","-117.528","717.2","2018-03-17","3.36",",,W","0.16",",,W,2400",,,"0.0",",,W","0.0",",,W","39","H,,S","48",",,W","33",",,W",,,"  210",",,W","  190",",,W","13.0",",,W","21.9",",,W","    1",",,W",,,,,,,,,,,,,,,,
"USW00024157","SPOKANE INTERNATIONAL AIRPORT, WA US","47.6216","-117.528","717.2","2018-03-18","12.75",",,W","0.01",",,W,2400",,,"0.0",",,W","0.0",",,W","40","H,,S","48",",,W","34",",,W",,,"  220",",,W","  220",",,W","19.9",",,W","23.9",",,W",,,,,,,,,,,,,,,,,,
"USW00024157","SPOKANE INTERNATIONAL AIRPORT, WA US","47.6216","-117.528","717.2","2018-03-19","8.05",",,W","0.00",",,W,2400",,,"0.0",",,W","0.0",",,W","40","H,,S","50",",,W","30",",,W",,,"  220",",,W","  220",",,W","18.1",",,W","23.0",",,W",,,,,,,,,,,,,,,,,,
"USW00024157","SPOKANE INTERNATIONAL AIRPORT, WA US","47.6216","-117.528","717.2","2018-03-20","8.95",",,W","0.00",",,W,2400",,,"0.0",",,W","0.0",",,W","40","H,,S","51",",,W","31",",,W",,,"  240",",,W","  210",",,W","19.9",",,W","28.0",",,W",,,,,,,,,,,,,,,,,,
"USW00024157","SPOKANE INTERNATIONAL AIRPORT, WA US","47.6216","-117.528","717.2","2018-03-21","8.28",",,W","0.00","T,,W,2400",,,"0.0",",,W","0.0",",,W","41","H,,S","52",",,W","32",",,W",,,"   70",",,W","  130",",,W","15.0",",,W","19.0",",,W",,,,,,,,,,,,,,,,,,
"USW00024157","SPOKANE INTERNATIONAL AIRPORT, WA US","47.6216","-117.528","717.2","2018-03-22","12.53",",,W","0.22",",,W,2400",,,"0.0",",,W","0.0",",,W","47","H,,S","53",",,W","33",",,W",,,"  220",",,W","  210",",,W","36.0",",,W","46.1",",,W","    1",",,W",,,"    1",",,W",,,,,,,,,"    1",",,W",,
"USW00024157","SPOKANE INTERNATIONAL AIRPORT, WA US","47.6216","-117.528","717.2","2018-03-23","11.86",",,W","0.00","T,,W,2400",,,"0.0","T,,W","0.0",",,W","38","H,,S","47",",,W","29",",,W",,,"  220",",,W","  200",",,W","31.1",",,W","38.9",",,W","    1",",,W",,,,,,,,,,,,,,,,
"USW00024157","SPOKANE INTERNATIONAL AIRPORT, WA US","47.6216","-117.528","717.2","2018-03-24","12.97",",,W","0.26",",,W,2400",,,"2.7",",,W","1.2",",,W","36","H,,S","44",",,W","31",",,W",,,"  220",",,W","  220",",,W","32.0",",,W","38.9",",,W","    1",",,W",,,,,,,,,,,,,,,,
"USW00024157","SPOKANE INTERNATIONAL AIRPORT, WA US","47.6216","-117.528","717.2","2018-03-25","8.28",",,W","0.01",",,W,2400",,,"0.0","T,,W","0.0",",,W","36","H,,S","45",",,W","28",",,W",,,"  250",",,W",,,"18.1",",,W",,,,,,,,,,,,,,,,,,,,
"USW00024157","SPOKANE INTERNATIONAL AIRPORT, WA US","47.6216","-117.528","717.2","2018-03-26","14.54",",,W","0.00","T,,W,2400",,,"0.0",",,W","0.0",",,W","36","H,,S","41",",,W","28",",,W",,,"  230",",,W","  240",",,W","23.9",",,W","27.1",",,W",,,,,,,,,,,,,,,,,,
"USW00024157","SPOKANE INTERNATIONAL AIRPORT, WA US","47.6216","-117.528","717.2","2018-03-27","18.34",",,W","0.00",",,W,2400",,,"0.0",",,W","0.0",",,W","41","H,,S","56",",,W","37",",,W",,,"  240",",,W","  240",",,W","31.1",",,W","42.1",",,W",,,,,,,,,,,,,,,,,,
"USW00024157","SPOKANE INTERNATIONAL AIRPORT, WA US","47.6216","-117.528","717.2","2018-03-28","10.51",",,W","0.00",",,W,2400",,,"0.0",",,W","0.0",",,W","44","H,,S","55",",,W","33",",,W",,,"  260",",,W","  240",",,W","21.9",",,W","34.0",",,W",,,,,,,,,,,,,,,,,,
"USW00024157","SPOKANE INTERNATIONAL AIRPORT, WA US","47.6216","-117.528","717.2","2018-03-29","9.62",",,W","0.00","T,,W,2400",,,"0.0",",,W","0.0",",,W","41","H,,S","53",",,W","29",",,W",,,"  220",",,W","  220",",,W","18.1",",,W","23.0",",,W",,,,,,,,,,,,,,,,,,
"USW00024157","SPOKANE INTERNATIONAL AIRPORT, WA US","47.6216","-117.528","717.2","2018-03-30","13.87",",,W","0.00",",,W,2400",,,"0.0",",,W","0.0",",,W","47","H,,S","60",",,W","39",",,W",,,"  220",",,W","  210",",,W","28.0",",,W","33.1",",,W",,,,,,,,,,,,,,,,,,
"USW00024157","SPOKANE INTERNATIONAL AIRPORT, WA US","47.6216","-117.528","717.2","2018-03-31","6.71",",,W","0.00",",,W,2400",,,"0.0",",,W","0.0",",,W","45","H,,S","50",",,W","33",",,W",,,"  350",",,W","  350",",,W","14.1",",,W","17.0",",,W",,,,,,,,,,,,,,,,,,
"USW00024157","SPOKANE INTERNATIONAL AIRPORT, WA US","47.6216","-117.528","717.2","2018-04-01","15.66",",,W","0.00","T,,W,2400",,,"0.0","T,,W","0.0",",,W","40","H,,S","48",",,W","32",",,W",,,"  220",",,W","  230",",,W","30.0",",,W","36.9",",,W","    1",",,W",,,,,,,,,,,,,,,,
"USW00024157","SPOKANE INTERNATIONAL AIRPORT, WA US","47.6216","-117.528","717.2","2018-04-02","11.41",",,W","0.00","T,,W,2400",,,"0.0",",,W","0.0",",,W","36","H,,S","44",",,W","27",",,W",,,"  290",",,W","  220",",,W","21.0",",,W","25.9",",,W",,,,,,,,,,,,,,,,,,
"USW00024157","SPOKANE INTERNATIONAL AIRPORT, WA US","47.6216","-117.528","717.2","2018-04-03","8.28",",,W","0.00",",,W,2400",,,"0.0",",,W","0.0",",,W","37","H,,S","46",",,W","29",",,W",,,"  200",",,W","  210",",,W","18.1",",,W","25.1",",,W",,,,,,,,,,,,,,,,,,
"USW00024157","SPOKANE INTERNATIONAL AIRPORT, WA US","47.6216","-117.528","717.2","2018-04-04","7.61",",,W","0.08",",,W,2400",,,"0.0",",,W","0.0",",,W","41","H,,S","45",",,W","35",",,W",,,"  220",",,W","  230",",,W","15.0",",,W","19.0",",,W","    1",",,W",,,,,,,,,,,,,,,,
"USW00024157","SPOKANE INTERNATIONAL AIRPORT, WA US","47.6216","-117.528","717.2","2018-04-05","7.61",",,W","0.45",",,W,2400",,,"0.0",",,W","0.0",",,W","42","H,,S","46",",,W","39",",,W",,,"   60",",,W","   60",",,W","13.0",",,W","14.1",",,W","    1",",,W","    1",",,W",,,,,,,,,,,,,,
"USW00024157","SPOKANE INTERNATIONAL AIRPORT, WA US","47.6216","-117.528","717.2","2018-04-06","11.86",",,W","0.00","T,,W,2400",,,"0.0",",,W","0.0",",,W","41","H,,S","47",",,W","34",",,W",,,"   70",",,W","   70",",,W","18.1",",,W","23.0",",,W","    1",",,W",,,,,,,,,,,,,,,,
"USW00024157","SPOKANE INTERNATIONAL AIRPORT, WA US","47.6216","-117.528","717.2","2018-04-07","12.53",",,W","0.38",",,W,2400",,,"0.0",",,W","0.0",",,W","41","H,,S","53",",,W","36",",,W",,,"  200",",,W","  210",",,W","23.0",",,W","29.1",",,W","    1",",,W",,,"    1",",,W",,,,,,,,,,,,
"USW00024157","SPOKANE INTERNATIONAL AIRPORT, WA US","47.6216","-117.528","717.2","2018-04-08","17.90",",,W","0.00","T,,W,2400",,,"0.0",",,W","0.0",",,W","46","H,,S","51",",,W","41",",,W",,,"  230",",,W","  230",",,W","28.0",",,W","34.0",",,W","    1",",,W",,,,,,,,,,,,,,,,
"USW00024157","SPOKANE INTERNATIONAL AIRPORT, WA US","47.6216","-117.528","717.2","2018-04-09","8.50",",,W","0.00",",,W,2400",,,"0.0",",,W","0.0",",,W","45","H,,S","56",",,W","38",",,W",,,"  200",",,W","  190",",,W","18.1",",,W","23.0",",,W",,,,,,,,,,,,,,,,,,
"USW00024157","SPOKANE INTERNATIONAL AIRPORT, WA US","47.6216","-117.528","717.2","2018-04-10","9.17",",,W","0.13",",,W,2400",,,"0.0",",,W","0.0",",,W","47","H,,S","54",",,W","40",",,W",,,"  230",",,W","  260",",,W","19.9",",,W","23.0",",,W","    1",",,W",,,,,,,,,,,,,,,,
"USW00024157","SPOKANE INTERNATIONAL AIRPORT, WA US","47.6216","-117.528","717.2","2018-04-11","9.62",",,W","0.08",",,W,2400",,,"0.0",",,W","0.0",",,W","46","H,,S","55",",,W","39",",,W",,,"  220",",,W","  220",",,W","21.0",",,W","25.1",",,W","    1",",,W",,,,,,,,,,,,,,,,
"USW00024157","SPOKANE INTERNATIONAL AIRPORT, WA US","47.6216","-117.528","717.2","2018-04-12","19.91",",,W","0.31",",,W,2400",,,"0.0","T,,W","0.0",",,W","43","H,,S","51",",,W","35",",,W",,,"  240",",,W","  240",",,W","33.1",",,W","42.9",",,W","    1",",,W",,,,,,,"    1",",,W",,,,,,,,
"USW00024157","SPOKANE INTERNATIONAL AIRPORT, WA US","47.6216","-117.528","717.2","2018-04-13","12.75",",,W","0.07",",,W,2400",,,"0.0",",,W","0.0",",,W","40","H,,S","45",",,W","32",",,W",,,"  200",",,W","  200",",,W","21.9",",,W","28.0",",,W","    1",",,W",,,,,,,,,,,,,,,,
"USW00024157","SPOKANE INTERNATIONAL AIRPORT, WA US","47.6216","-117.528","717.2","2018-04-14","12.53",",,W","0.00","T,,W,2400",,,"0.0",",,W","0.0",",,W","45","H,,S","52",",,W","41",",,W",,,"  200",",,W","  210",",,W","21.0",",,W","27.1",",,W",,,,,,,,,,,,,,,,,,
"USW00024157","SPOKANE INTERNATIONAL AIRPORT, WA US","47.6216","-117.528","717.2","2018-04-15","9.17",",,W","0.39",",,W,2400",,,"0.0",",,W","0.0",",,W","47","H,,S","56",",,W","42",",,W",,,"  280",",,W","  270",",,W","17.0",",,W","19.9",",,W","    1",",,W",,,,,,,,,,,,,,,,
"USW00024157","SPOKANE INTERNATIONAL AIRPORT, WA US","47.6216","-117.528","717.2","2018-04-16","17.67",",,W","0.07",",,W,2400",,,"0.0","T,,W","0.0",",,W","45","H,,S","48",",,W","36",",,W",,,"  220",",,W","  230",",,W","32.0",",,W","36.9",",,W","    1",",,W",,,,,,,,,,,,,,,,
"USW00024157","SPOKANE INTERNATIONAL AIRPORT, WA US","47.6216","-117.528","717.2","2018-04-17","18.34",",,W","0.00","T,,W,2400",,,"0.0","T,,W","0.0",",,W","42","H,,S","52",",,W","36",",,W",,,"  250",",,W","  250",",,W","32.0",",,W","38.9",",,W","    1",",,W",,,,,,,,,,,,,,,,
"USW00024157","SPOKANE INTERNATIONAL AIRPORT, WA US","47.6216","-117.528","717.2","2018-04-18","6.93",",,W","0.00",",,W,2400",,,"0.0",",,W","0.0",",,W","42","H,,S","55",",,W","32",",,W",,,"   20",",,W","   30",",,W","14.1",",,W","17.0",",,W",,,,,,,,,,,,,,,,,,
"USW00024157","SPOKANE INTERNATIONAL AIRPORT, WA US","47.6216","-117.528","717.2","2018-04-19","7.38",",,W","0.00",",,W,2400",,,"0.0",",,W","0.0",",,W","47","H,,S","62",",,W","33",",,W",,,"  260",",,W","  260",",,W","16.1",",,W","19.0",",,W",,,,,,,,,,,,,,,,,,
"USW00024157","SPOKANE INTERNATIONAL AIRPORT, WA US","47.6216","-117.528","717.2","2018-04-20","9.62",",,W","0.00","T,,W,2400",,,"0.0",",,W","0.0",",,W","50","H,,S","61",",,W","38",",,W",,,"  230",",,W","  230",",,W","17.0",",,W","21.0",",,W",,,,,,,,,,,,,,,,,,
"USW00024157","SPOKANE INTERNATIONAL AIRPORT, WA US","47.6216","-117.528","717.2","2018-04-21","18.34",",,W","0.00","T,,W,2400",,,"0.0",",,W","0.0",",,W","54","H,,S","58",",,W","38",",,W",,,"  240",",,W","  230",",,W","35.1",",,W","42.1",",,W",,,,,,,,,,,,,,,,,,
"USW00024157","SPOKANE INTERNATIONAL AIRPORT, WA US","47.6216","-117.528","717.2","2018-04-22","4.03",",,W","0.00",",,W,2400",,,"0.0",",,W","0.0",",,W","44","H,,S","56",",,W","32",",,W",,,"   20",",,W","   20",",,W","13.0",",,W","15.0",",,W",,,,,,,,,,,,,,,,,,
"USW00024157","SPOKANE INTERNATIONAL AIRPORT, WA US","47.6216","-117.528","717.2","2018-04-23","6.26",",,W","0.00",",,W,2400",,,"0.0",",,W","0.0",",,W","48","H,,S","64",",,W","34",",,W",,,"   40",",,W","   40",",,W","16.1",",,W","21.9",",,W",,,,,,,,,,,,,,,,,,
"USW00024157","SPOKANE INTERNATIONAL AIRPORT, WA US","47.6216","-117.528","717.2","2018-04-24","5.37",",,W","0.00",",,W,2400",,,"0.0",",,W","0.0",",,W","54","H,,S","71",",,W","41",",,W",,,"  140",",,W","   90",",,W","14.1",",,W","18.1",",,W",,,,,,,,,,,,,,,,,,
"USW00024157","SPOKANE INTERNATIONAL AIRPORT, WA US","47.6216","-117.528","717.2","2018-04-25","3.80",",,W","0.00",",,W,2400",,,"0.0",",,W","0.0",",,W","58","H,,S","73",",,W","45",",,W",,,"  250",",,W","  270",",,W","14.1",",,W","17.0",",,W",,,,,,,,,,,,,,,,,,
"USW00024157","SPOKANE INTERNATIONAL AIRPORT, WA US","47.6216","-117.528","717.2","2018-04-26","4.25",",,W","0.00",",,W,2400",,,"0.0",",,W","0.0",",,W","60","H,,S","76",",,W","44",",,W",,,"   60",",,W","   60",",,W","13.0",",,W","15.0",",,W",,,,,,,,,,,,,,,,,,
"USW00024157","SPOKANE INTERNATIONAL AIRPORT, WA US","47.6216","-117.528","717.2","2018-04-27","9.62",",,W","0.00",",,W,2400",,,"0.0",",,W","0.0",",,W","63","H,,S","83",",,W","48",",,W",,,"  210",",,W","  200",",,W","28.0",",,W","35.1",",,W",,,,,,,,,,,,,"    1",",,W","    1",",,W",,
"USW00024157","SPOKANE INTERNATIONAL AIRPORT, WA US","47.6216","-117.528","717.2","2018-04-28","8.72",",,W","0.06",",,W,2400",,,"0.0",",,W","0.0",",,W","54","H,,S","57",",,W","43",",,W",,,"  190",",,W","  200",",,W","21.9",",,W","28.0",",,W","    1",",,W",,,,,,,,,,,,,,,,
"USW00024157","SPOKANE INTERNATIONAL AIRPORT, WA US","47.6216","-117.528","717.2","2018-04-29","8.95",",,W","0.00","T,,W,2400",,,"0.0",",,W","0.0",",,W","49","H,,S","60",",,W","40",",,W",,,"  250",",,W","  250",",,W","18.1",",,W","23.0",",,W",,,,,,,,,,,,,,,,,,
"USW00024157","SPOKANE INTERNATIONAL AIRPORT, WA US","47.6216","-117.528","717.2","2018-04-30","7.38",",,W","0.01",",,W,2400",,,"0.0",",,W","0.0",",,W","49","H,,S","59",",,W","41",",,W",,,"  280",",,W","  280",",,W","19.9",",,W","21.9",",,W",,,,,,,,,,,,,,,,,,
"USW00024157","SPOKANE INTERNATIONAL AIRPORT, WA US","47.6216","-117.528","717.2","2018-05-01","6.93",",,W","0.04",",,W,2400",,,"0.0",",,W","0.0",",,W","50","H,,S","58",",,W","42",",,W",,,"  230",",,W","  230",",,W","17.0",",,W","19.0",",,W",,,,,,,,,,,,,,,,,,
"USW00024157","SPOKANE INTERNATIONAL AIRPORT, WA US","47.6216","-117.528","717.2","2018-05-02","9.17",",,W","0.00",",,W,2400",,,"0.0",",,W","0.0",",,W","51","H,,S","70",",,W","40",",,W",,,"  250",",,W","  230",",,W","18.1",",,W","25.9",",,W",,,,,,,,,,,,,,,,,,
"USW00024157","SPOKANE INTERNATIONAL AIRPORT, WA US","47.6216","-117.528","717.2","2018-05-03","8.28",",,W","0.00",",,W,2400",,,"0.0",",,W","0.0",",,W","59","H,,S","73",",,W","46",",,W",,,"  230",",,W","  230",",,W","18.1",",,W","25.1",",,W",,,,,,,,,,,,,,,,,,
"USW00024157","SPOKANE INTERNATIONAL AIRPORT, WA US","47.6216","-117.528","717.2","2018-05-04","9.40",",,W","0.00",",,W,2400",,,"0.0",",,W","0.0",",,W","62","H,,S","75",",,W","51",",,W",,,"  240",",,W","  240",",,W","21.0",",,W","25.9",",,W",,,,,,,,,,,,,,,,,,
"USW00024157","SPOKANE INTERNATIONAL AIRPORT, WA US","47.6216","-117.528","717.2","2018-05-05","6.71",",,W","0.00","T,,W,2400",,,"0.0",",,W","0.0",",,W","63","H,,S","73",",,W","54",",,W",,,"  210",",,W","  210",",,W","14.1",",,W","16.1",",,W",,,,,,,,,,,,,,,,,,
"USW00024157","SPOKANE INTERNATIONAL AIRPORT, WA US","47.6216","-117.528","717.2","2018-05-06","8.95",",,W","0.17",",,W,2400",,,"0.0",",,W","0.0",",,W","65","H,,S","79",",,W","52",",,W",,,"  220",",,W","  230",",,W","38.0",",,W","42.1",",,W","    1",",,W",,,,,,,,,,,,,,,,
"USW00024157","SPOKANE INTERNATIONAL AIRPORT, WA US","47.6216","-117.528","717.2","2018-05-07","6.49",",,W","0.21",",,W,2400",,,"0.0",",,W","0.0",",,W","58","H,,S","67",",,W","54",",,W",,,"  240",",,W","  150",",,W","12.1",",,W","13.0",",,W","    1",",,W",,,,,,,,,,,,,,,,
"USW00024157","SPOKANE INTERNATIONAL AIRPORT, WA US","47.6216","-117.528","717.2","2018-05-08","4.92",",,W","0.00",",,W,2400",,,"0.0",",,W","0.0",",,W","62","H,,S","76",",,W","51",",,W",,,"  240",",,W","  240",",,W","21.9",",,W","27.1",",,W",,,,,,,,,,,,,,,,,,
"USW00024157","SPOKANE INTERNATIONAL AIRPORT, WA US","47.6216","-117.528","717.2","2018-05-09","11.41",",,W","0.00","T,,W,2400",,,"0.0",",,W","0.0",",,W","63","H,,S","64",",,W","49",",,W",,,"  230",",,W","  240",",,W","23.9",",,W","30.0",",,W",,,,,,,,,,,,,,,,,,
"USW00024157","SPOKANE INTERNATIONAL AIRPORT, WA US","47.6216","-117.528","717.2","2018-05-10","10.74",",,W","0.00","T,,W,2400",,,"0.0",",,W","0.0",",,W","55","H,,S","61",",,W","45",",,W",,,"  270",",,W","  190",",,W","23.9",",,W","30.0",",,W",,,,,,,,,,,,,,,,,,
"USW00024157","SPOKANE INTERNATIONAL AIRPORT, WA US","47.6216","-117.528","717.2","2018-05-11","3.80",",,W","0.02",",,W,2400",,,"0.0",",,W","0.0",",,W","50","H,,S","64",",,W","42",",,W",,,"   80",",,W","   90",",,W","21.0",",,W","29.1",",,W","    1",",,W",,,,,,,,,,,,,,,,
"USW00024157","SPOKANE INTERNATIONAL AIRPORT, WA US","47.6216","-117.528","717.2","2018-05-12","6.71",",,W","0.00",",,W,2400",,,"0.0",",,W","0.0",",,W","57","H,,S","77",",,W","43",",,W",,,"   20",",,W","   30",",,W","21.0",",,W","28.0",",,W","    1",",,W",,,,,,,,,,,,,,,,
"USW00024157","SPOKANE INTERNATIONAL AIRPORT, WA US","47.6216","-117.528","717.2","2018-05-13","5.37",",,W","0.00",",,W,2400",,,"0.0",",,W","0.0",",,W","65","H,,S","83",",,W","51",",,W",,,"   20",",,W","   50",",,W","17.0",",,W","21.0",",,W",,,,,,,,,,,,,,,,,,
"USW00024157","SPOKANE INTERNATIONAL AIRPORT, WA US","47.6216","-117.528","717.2","2018-05-14","3.58",",,W","0.00",",,W,2400",,,"0.0",",,W","0.0",",,W","69","H,,S","84",",,W","54",",,W",,,"  330",",,W","  310",",,W","10.1",",,W","12.1",",,W",,,,,,,,,,,,,,,"    1",",,W",,
"USW00024157","SPOKANE INTERNATIONAL AIRPORT, WA US","47.6216","-117.528","717.2","2018-05-15","3.58",",,W","0.00",",,W,2400",,,"0.0",",,W","0.0",",,W","70","H,,S","85",",,W","55",",,W",,,"  230",",,W","  290",",,W","12.1",",,W","13.0",",,W",,,,,,,,,,,,,,,,,,
"USW00024157","SPOKANE INTERNATIONAL AIRPORT, WA US","47.6216","-117.528","717.2","2018-05-16","10.51",",,W","0.00","T,,W,2400",,,"0.0",",,W","0.0",",,W","69","H,,S","72",",,W","59",",,W",,,"  230",",,W","  240",",,W","21.9",",,W","25.9",",,W",,,,,,,,,,,,,,,,,,
"USW00024157","SPOKANE INTERNATIONAL AIRPORT, WA US","47.6216","-117.528","717.2","2018-05-17","6.93",",,W","0.64",",,W,2400",,,"0.0",",,W","0.0",",,W","60","H,,S","63",",,W","54",",,W",,,"   20",",,W","  340",",,W","13.0",",,W","17.0",",,W","    1",",,W",,,,,,,,,,,,,,,,
"USW00024157","SPOKANE INTERNATIONAL AIRPORT, WA US","47.6216","-117.528","717.2","2018-05-18","6.71",",,W","0.32",",,W,2400",,,"0.0",",,W","0.0",",,W","55","H,,S","58",",,W","50",",,W",,,"   70",",,W","   30",",,W","13.0",",,W","17.0",",,W","    1",",,W",,,,,,,,,,,,,,,,
"USW00024157","SPOKANE INTERNATIONAL AIRPORT, WA US","47.6216","-117.528","717.2","2018-05-19","5.37",",,W","0.00","T,,W,2400",,,"0.0",",,W","0.0",",,W","58","H,,S","71",",,W","51",",,W",,,"   70",",,W","   70",",,W","13.0",",,W","15.0",",,W",,,,,,,,,,,,,,,,,,
"USW00024157","SPOKANE INTERNATIONAL AIRPORT, WA US","47.6216","-117.528","717.2","2018-05-20","5.37",",,W","0.00",",,W,2400",,,"0.0",",,W","0.0",",,W","62","H,,S","75",",,W","51",",,W",,,"  280",",,W","  280",",,W","12.1",",,W","14.1",",,W",,,,,,,,,,,,,,,,,,
"USW00024157","SPOKANE INTERNATIONAL AIRPORT, WA US","47.6216","-117.528","717.2","2018-05-21","6.04",",,W","0.00",",,W,2400",,,"0.0",",,W","0.0",",,W","65","H,,S","77",",,W","57",",,W",,,"  240",",,W","  240",",,W","14.1",",,W","17.0",",,W",,,,,,,,,,,,,,,,,,
"USW00024157","SPOKANE INTERNATIONAL AIRPORT, WA US","47.6216","-117.528","717.2","2018-05-22","5.82",",,W","0.00",",,W,2400",,,"0.0",",,W","0.0",",,W","68","H,,S","84",",,W","55",",,W",,,"  330",",,W","  340",",,W","15.0",",,W","23.9",",,W",,,,,,,,,,,,,,,,,,
"USW00024157","SPOKANE INTERNATIONAL AIRPORT, WA US","47.6216","-117.528","717.2","2018-05-23","6.71",",,W","0.05",",,W,2400",,,"0.0",",,W","0.0",",,W","72","H,,S","84",",,W","58",",,W",,,"   80",",,W","   90",",,W","21.0",",,W","25.1",",,W",,,,,"    1",",,W",,,,,,,,,,,,
"USW00024157","SPOKANE INTERNATIONAL AIRPORT, WA US","47.6216","-117.528","717.2","2018-05-24","8.95",",,W","0.00",",,W,2400",,,"0.0",",,W","0.0",",,W","66","H,,S","79",",,W","57",",,W",,,"  220",",,W","  250",",,W","18.1",",,W","23.0",",,W",,,,,,,,,,,,,,,,,,
"USW00024157","SPOKANE INTERNATIONAL AIRPORT, WA US","47.6216","-117.528","717.2","2018-05-25","7.83",",,W","0.00",",,W,2400",,,"0.0",",,W","0.0",",,W","70","H,,S","80",",,W","59",",,W",,,"  200",",,W","  200",",,W","15.0",",,W","19.0",",,W",,,,,,,,,,,,,,,,,,
"USW00024157","SPOKANE INTERNATIONAL AIRPORT, WA US","47.6216","-117.528","717.2","2018-05-26","13.65",",,W","0.00","T,,W,2400",,,"0.0",",,W","0.0",",,W","65","H,,S","76",",,W","54",",,W",,,"  240",",,W","  210",",,W","21.0",",,W","30.0",",,W",,,,,,,,,,,,,,,,,,
"USW00024157","SPOKANE INTERNATIONAL AIRPORT, WA US","47.6216","-117.528","717.2","2018-05-27","6.93",",,W","0.00",",,W,2400",,,"0.0",",,W","0.0",",,W","61","H,,S","76",",,W","47",",,W",,,"  270",",,W","  280",",,W","13.0",",,W","17.0",",,W",,,,,,,,,,,,,,,,,,
"USW00024157","SPOKANE INTERNATIONAL AIRPORT, WA US","47.6216","-117.528","717.2","2018-05-28","10.51",",,W","0.00",",,W,2400",,,"0.0",",,W","0.0",",,W","67","H,,S","81",",,W","54",",,W",,,"  250",",,W","  240",",,W","19.9",",,W","23.9",",,W",,,,,,,,,,,,,,,,,,
"USW00024157","SPOKANE INTERNATIONAL AIRPORT, WA US","47.6216","-117.528","717.2","2018-05-29","11.63",",,W","0.00",",,W,2400",,,"0.0",",,W","0.0",",,W","63","H,,S","71",",,W","49",",,W",,,"  260",",,W","  250",",,W","19.9",",,W","23.9",",,W",,,,,,,,,,,,,,,,,,
"USW00024157","SPOKANE INTERNATIONAL AIRPORT, WA US","47.6216","-117.528","717.2","2018-05-30","6.49",",,W","0.00",",,W,2400",,,"0.0",",,W","0.0",",,W","57","H,,S","66",",,W","43",",,W",,,"  200",",,W","  220",",,W","17.0",",,W","23.0",",,W",,,,,,,,,,,,,,,,,,
"USW00024157","SPOKANE INTERNATIONAL AIRPORT, WA US","47.6216","-117.528","717.2","2018-05-31","9.40",",,W","0.00","T,,W,2400",,,"0.0",",,W","0.0",",,W","57","H,,S","64",",,W","47",",,W",,,"  240",",,W","  210",",,W","23.0",",,W","28.0",",,W",,,,,,,,,,,,,,,,,,
"USW00024157","SPOKANE INTERNATIONAL AIRPORT, WA US","47.6216","-117.528","717.2","2018-06-01","11.86",",,W","0.00","T,,W,2400",,,"0.0",",,W","0.0",",,W","54","H,,S","65",",,W","45",",,W",,,"  210",",,W","  220",",,W","19.9",",,W","25.9",",,W",,,,,,,,,,,,,,,,,,
"USW00024157","SPOKANE INTERNATIONAL AIRPORT, WA US","47.6216","-117.528","717.2","2018-06-02","4.70",",,W","0.00",",,W,2400",,,"0.0",",,W","0.0",",,W","59","H,,S","76",",,W","47",",,W",,,"  220",",,W","  220",",,W","14.1",",,W","18.1",",,W",,,,,,,,,,,,,,,,,,
"USW00024157","SPOKANE INTERNATIONAL AIRPORT, WA US","47.6216","-117.528","717.2","2018-06-03","9.62",",,W","0.00","T,,W,2400",,,"0.0",",,W","0.0",",,W","67","H,,S","84",",,W","54",",,W",,,"  250",",,W","  260",",,W","25.9",",,W","33.1",",,W",,,,,,,,,,,,,,,,,,
"USW00024157","SPOKANE INTERNATIONAL AIRPORT, WA US","47.6216","-117.528","717.2","2018-06-04","13.87",",,W","0.00",",,W,2400",,,"0.0",",,W","0.0",",,W","64","H,,S","69",",,W","53",",,W",,,"  260",",,W","  240",",,W","25.1",",,W","30.0",",,W",,,,,,,,,,,,,,,,,,
"USW00024157","SPOKANE INTERNATIONAL AIRPORT, WA US","47.6216","-117.528","717.2","2018-06-05","9.84",",,W","0.00",",,W,2400",,,"0.0",",,W","0.0",",,W","59","H,,S","69",",,W","46",",,W",,,"  220",",,W","  220",",,W","21.0",",,W","25.9",",,W",,,,,,,,,,,,,,,,,,
"USW00024157","SPOKANE INTERNATIONAL AIRPORT, WA US","47.6216","-117.528","717.2","2018-06-06","4.70",",,W","0.00",",,W,2400",,,"0.0",",,W","0.0",",,W","62","H,,S","76",",,W","49",",,W",,,"   70",",,W","   70",",,W","10.1",",,W","14.1",",,W",,,,,,,,,,,,,,,,,,
"USW00024157","SPOKANE INTERNATIONAL AIRPORT, WA US","47.6216","-117.528","717.2","2018-06-07","6.49",",,W","0.00",",,W,2400",,,"0.0",",,W","0.0",",,W","67","H,,S","81",",,W","54",",,W",,,"  270",",,W","  280",",,W","17.0",",,W","19.9",",,W",,,,,,,,,,,,,,,,,,
"USW00024157","SPOKANE INTERNATIONAL AIRPORT, WA US","47.6216","-117.528","717.2","2018-06-08","8.28",",,W","0.05",",,W,2400",,,"0.0",",,W","0.0",",,W","67","H,,S","78",",,W","51",",,W",,,"  200",",,W","  190",",,W","19.9",",,W","25.1",",,W",,,,,"    1",",,W",,,,,,,,,,,,
"USW00024157","SPOKANE INTERNATIONAL AIRPORT, WA US","47.6216","-117.528","717.2","2018-06-09","12.08",",,W","0.22",",,W,2400",,,"0.0",",,W","0.0",",,W","60","H,,S","59",",,W","47",",,W",,,"  210",",,W","  210",",,W","25.1",",,W","30.0",",,W","    1",",,W",,,"    1",",,W",,,,,,,,,,,,
"USW00024157","SPOKANE INTERNATIONAL AIRPORT, WA US","47.6216","-117.528","717.2","2018-06-10","17.00",",,W","0.00","T,,W,2400",,,"0.0",",,W","0.0",",,W","50","H,,S","61",",,W","42",",,W",,,"  220",",,W","  230",",,W","31.1",",,W","40.0",",,W",,,,,"    1",",,W",,,,,,,,,,,,
"USW00024157","SPOKANE INTERNATIONAL AIRPORT, WA US","47.6216","-117.528","717.2","2018-06-11","12.08",",,W","0.00",",,W,2400",,,"0.0",",,W","0.0",",,W","51","H,,S","66",",,W","39",",,W",,,"  230",",,W","  250",",,W","25.1",",,W","33.1",",,W",,,,,,,,,,,,,,,,,,
"USW00024157","SPOKANE INTERNATIONAL AIRPORT, WA US","47.6216","-117.528","717.2","2018-06-12","4.92",",,W","0.00",",,W,2400",,,"0.0",",,W","0.0",",,W","56","H,,S","69",",,W","41",",,W",,,"  260",",,W","  180",",,W","14.1",",,W","18.1",",,W",,,,,,,,,,,,,,,,,,
"USW00024157","SPOKANE INTERNATIONAL AIRPORT, WA US","47.6216","-117.528","717.2","2018-06-13","13.87",",,W","0.00","T,,W,2400",,,"0.0",",,W","0.0",",,W","63","H,,S","76",",,W","51",",,W",,,"  230",",,W","  230",",,W","31.1",",,W","38.9",",,W",,,,,,,,,,,,,,,,,,
"USW00024157","SPOKANE INTERNATIONAL AIRPORT, WA US","47.6216","-117.528","717.2","2018-06-14","10.07",",,W","0.00",",,W,2400",,,"0.0",",,W","0.0",",,W","58","H,,S","69",",,W","46",",,W",,,"  210",",,W","  190",",,W","19.9",",,W","27.1",",,W",,,,,,,,,,,,,,,,,,
"USW00024157","SPOKANE INTERNATIONAL AIRPORT, WA US","47.6216","-117.528","717.2","2018-06-15","4.92",",,W","0.01",",,W,2400",,,"0.0",",,W","0.0",",,W","60","H,,S","74",",,W","48",",,W",,,"  330",",,W","  330",",,W","17.0",",,W","23.0",",,W",,,,,,,,,,,,,,,,,,
"USW00024157","SPOKANE INTERNATIONAL AIRPORT, WA US","47.6216","-117.528","717.2","2018-06-16","7.16",",,W","0.01",",,W,2400",,,"0.0",",,W","0.0",",,W","59","H,,S","71",",,W","49",",,W",,,"   40",",,W","   50",",,W","18.1",",,W","25.9",",,W",,,,,"    1",",,W",,,,,,,,,,,,
"USW00024157","SPOKANE INTERNATIONAL AIRPORT, WA US","47.6216","-117.528","717.2","2018-06-17","14.54",",,W","0.00",",,W,2400",,,"0.0",",,W","0.0",",,W","67","H,,S","76",",,W","57",",,W",,,"   70",",,W","   50",",,W","25.1",",,W","32.0",",,W",,,,,,,,,,,,,,,,,,
"USW00024157","SPOKANE INTERNATIONAL AIRPORT, WA US","47.6216","-117.528","717.2","2018-06-18","6.71",",,W","0.01",",,W,2400",,,"0.0",",,W","0.0",",,W","67","H,,S","72",",,W","58",",,W",,,"   70",",,W","   80",",,W","18.1",",,W","21.9",",,W",,,,,,,,,,,,,,,,,,
"USW00024157","SPOKANE INTERNATIONAL AIRPORT, WA US","47.6216","-117.528","717.2","2018-06-19","5.37",",,W","0.00",",,W,2400",,,"0.0",",,W","0.0",",,W","65","H,,S","80",",,W","56",",,W",,,"   60",",,W","   80",",,W","13.0",",,W","23.0",",,W",,,,,,,,,,,,,,,,,,
"USW00024157","SPOKANE INTERNATIONAL AIRPORT, WA US","47.6216","-117.528","717.2","2018-06-20","5.59",",,W","0.00",",,W,2400",,,"0.0",",,W","0.0",",,W","71","H,,S","84",",,W","58",",,W",,,"  240",",,W","  170",",,W","13.0",",,W","16.1",",,W",,,,,,,,,,,,,,,,,,
"USW00024157","SPOKANE INTERNATIONAL AIRPORT, WA US","47.6216","-117.528","717.2","2018-06-21","11.41",",,W","0.25",",,W,2400",,,"0.0",",,W","0.0",",,W","71","H,,S","80",",,W","60",",,W",,,"  330",",,W","  330",",,W","28.0",",,W","34.0",",,W","    1",",,W",,,"    1",",,W",,,,,,,,,,,,
"USW00024157","SPOKANE INTERNATIONAL AIRPORT, WA US","47.6216","-117.528","717.2","2018-06-22","10.29",",,W","0.00",",,W,2400",,,"0.0",",,W","0.0",",,W","66","H,,S","80",",,W","57",",,W",,,"  360",",,W","  330",",,W","25.9",",,W","32.0",",,W","    1",",,W",,,"    1",",,W",,,,,,,,,,,,
"USW00024157","SPOKANE INTERNATIONAL AIRPORT, WA US","47.6216","-117.528","717.2","2018-06-23","6.93",",,W","0.00",",,W,2400",,,"0.0",",,W","0.0",",,W","63","H,,S","75",",,W","51",",,W",,,"  240",",,W","  250",",,W","17.0",",,W","23.9",",,W",,,,,,,,,,,,,,,,,,
"USW00024157","SPOKANE INTERNATIONAL AIRPORT, WA US","47.6216","-117.528","717.2","2018-06-24","4.92",",,W","0.00",",,W,2400",,,"0.0",",,W","0.0",",,W","68","H,,S","82",",,W","55",",,W",,,"  150",",,W","  150",",,W","13.0",",,W","17.0",",,W",,,,,,,,,,,,,,,,,,
"USW00024157","SPOKANE INTERNATIONAL AIRPORT, WA US","47.6216","-117.528","717.2","2018-06-25","16.78",",,W","0.00",",,W,2400",,,"0.0",",,W","0.0",",,W","72","H,,S","76",",,W","52",",,W",,,"  220",",,W","  230",",,W","28.0",",,W","35.1",",,W",,,,,,,,,,,,,,,,,,
"USW00024157","SPOKANE INTERNATIONAL AIRPORT, WA US","47.6216","-117.528","717.2","2018-06-26","10.07",",,W","0.00",",,W,2400",,,"0.0",",,W","0.0",",,W","60","H,,S","72",",,W","46",",,W",,,"  220",",,W","  240",",,W","19.9",",,W","29.1",",,W",,,,,,,,,,,,,,,,,,
"USW00024157","SPOKANE INTERNATIONAL AIRPORT, WA US","47.6216","-117.528","717.2","2018-06-27","8.05",",,W","0.00",",,W,2400",,,"0.0",",,W","0.0",",,W","64","H,,S","79",",,W","50",",,W",,,"  240",",,W","  230",",,W","17.0",",,W","21.9",",,W",,,,,,,,,,,,,,,,,,
"USW00024157","SPOKANE INTERNATIONAL AIRPORT, WA US","47.6216","-117.528","717.2","2018-06-28","9.84",",,W","0.00",",,W,2400",,,"0.0",",,W","0.0",",,W","65","H,,S","72",",,W","57",",,W",,,"  220",",,W","  240",",,W","21.9",",,W","28.0",",,W",,,,,,,,,,,,,,,,,,
"USW00024157","SPOKANE INTERNATIONAL AIRPORT, WA US","47.6216","-117.528","717.2","2018-06-29","9.40",",,W","0.00","T,,W,2400",,,"0.0",",,W","0.0",",,W","63","H,,S","74",",,W","52",",,W",,,"  220",",,W","  220",",,W","19.9",",,W","23.9",",,W",,,,,,,,,,,,,,,,,,
"USW00024157","SPOKANE INTERNATIONAL AIRPORT, WA US","47.6216","-117.528","717.2","2018-06-30","10.29",",,W","0.00","T,,W,2400","    0",",,W","0.0",",,W","0.0",",,W","64","H,,S","72",",,W","53",",,W","    0",",,W","  250",",,W","  220",",,W","21.9",",,W","31.1",",,W",,,,,,,,,,,,,,,,,,
"USW00024157","SPOKANE INTERNATIONAL AIRPORT, WA US","47.6216","-117.528","717.2","2018-07-01","13.87",",,W","0.00",",,W,2400",,,"0.0",",,W","0.0",",,W","62","H,,S","75",",,W","50",",,W",,,"  220",",,W","  220",",,W","25.1",",,W","31.1",",,W",,,,,,,,,,,,,,,,,,
"USW00024157","SPOKANE INTERNATIONAL AIRPORT, WA US","47.6216","-117.528","717.2","2018-07-02","12.97",",,W","0.00","T,,W,2400",,,"0.0",",,W","0.0",",,W","61","H,,S","68",",,W","50",",,W",,,"  230",",,W","  250",",,W","28.0",",,W","34.0",",,W",,,,,,,,,,,,,,,,,,
"USW00024157","SPOKANE INTERNATIONAL AIRPORT, WA US","47.6216","-117.528","717.2","2018-07-03","6.49",",,W","0.00",",,W,2400",,,"0.0",",,W","0.0",",,W","57","H,,S","68",",,W","48",",,W",,,"  220",",,W","  220",",,W","17.0",",,W","21.0",",,W",,,,,,,,,,,,,,,,,,
"USW00024157","SPOKANE INTERNATIONAL AIRPORT, WA US","47.6216","-117.528","717.2","2018-07-04","8.50",",,W","0.00",",,W,2400",,,"0.0",",,W","0.0",",,W","62","H,,S","81",",,W","49",",,W",,,"   40",",,W","   50",",,W","16.1",",,W","23.0",",,W",,,,,,,,,,,,,,,,,,
"USW00024157","SPOKANE INTERNATIONAL AIRPORT, WA US","47.6216","-117.528","717.2","2018-07-05","7.61",",,W","0.00","T,,W,2400",,,"0.0",",,W","0.0",",,W","74","H,,S","89",",,W","62",",,W",,,"   50",",,W","   40",",,W","21.0",",,W","23.0",",,W",,,,,,,,,,,,,,,,,,
"USW00024157","SPOKANE INTERNATIONAL AIRPORT, WA US","47.6216","-117.528","717.2","2018-07-06","11.41",",,W","0.03",",,W,2400",,,"0.0",",,W","0.0",",,W","76","H,,S","86",",,W","62",",,W",,,"  300",",,W","  300",",,W","25.9",",,W","34.0",",,W",,,,,"    1",",,W",,,,,,,,,,,,
"USW00024157","SPOKANE INTERNATIONAL AIRPORT, WA US","47.6216","-117.528","717.2","2018-07-07","10.51",",,W","0.00",",,W,2400",,,"0.0",",,W","0.0",",,W","70","H,,S","79",",,W","58",",,W",,,"  250",",,W","  250",",,W","19.9",",,W","25.9",",,W",,,,,,,,,,,,,,,,,,
"USW00024157","SPOKANE INTERNATIONAL AIRPORT, WA US","47.6216","-117.528","717.2","2018-07-08","5.37",",,W","0.00",",,W,2400",,,"0.0",",,W","0.0",",,W","69","H,,S","85",",,W","53",",,W",,,"   20",",,W","   30",",,W","13.0",",,W","16.1",",,W",,,,,,,,,,,,,,,,,,
"USW00024157","SPOKANE INTERNATIONAL AIRPORT, WA US","47.6216","-117.528","717.2","2018-07-09","6.04",",,W","0.00",",,W,2400",,,"0.0",",,W","0.0",",,W","75","H,,S","91",",,W","59",",,W",,,"  230",",,W","  220",",,W","16.1",",,W","18.1",",,W",,,,,,,,,,,,,,,,,,
"USW00024157","SPOKANE INTERNATIONAL AIRPORT, WA US","47.6216","-117.528","717.2","2018-07-10","12.97",",,W","0.01",",,W,2400",,,"0.0",",,W","0.0",",,W","72","H,,S","78",",,W","57",",,W",,,"  210",",,W","  210",",,W","23.0",",,W","31.1",",,W",,,,,"    1",",,W",,,,,,,,,,,,
"USW00024157","SPOKANE INTERNATIONAL AIRPORT, WA US","47.6216","-117.528","717.2","2018-07-11","3.13",",,W","0.00",",,W,2400",,,"0.0",",,W","0.0",",,W","69","H,,S","84",",,W","55",",,W",,,"  300",",,W","  310",",,W","13.0",",,W","17.0",",,W",,,,,,,,,,,,,,,,,,
"USW00024157","SPOKANE INTERNATIONAL AIRPORT, WA US","47.6216","-117.528","717.2","2018-07-12","3.80",",,W","0.00",",,W,2400",,,"0.0",",,W","0.0",",,W","74","H,,S","89",",,W","59",",,W",,,"  270",",,W","   30",",,W","12.1",",,W","16.1",",,W",,,,,,,,,,,,,,,,,,
"USW00024157","SPOKANE INTERNATIONAL AIRPORT, WA US","47.6216","-117.528","717.2","2018-07-13","10.74",",,W","0.00",",,W,2400",,,"0.0",",,W","0.0",",,W","79","H,,S","95",",,W","63",",,W",,,"  230",",,W","  230",",,W","23.9",",,W","30.0",",,W",,,,,,,,,,,,,,,,,,
"USW00024157","SPOKANE INTERNATIONAL AIRPORT, WA US","47.6216","-117.528","717.2","2018-07-14","7.38",",,W","0.00",",,W,2400",,,"0.0",",,W","0.0",",,W","80","H,,S","88",",,W","63",",,W",,,"  350",",,W","  340",",,W","18.1",",,W","21.9",",,W",,,,,,,,,,,,,,,,,,
"USW00024157","SPOKANE INTERNATIONAL AIRPORT, WA US","47.6216","-117.528","717.2","2018-07-15","4.25",",,W","0.00",",,W,2400",,,"0.0",",,W","0.0",",,W","74","H,,S","92",",,W","55",",,W",,,"  320",",,W","  330",",,W","12.1",",,W","18.1",",,W",,,,,,,,,,,,,,,,,,
"USW00024157","SPOKANE INTERNATIONAL AIRPORT, WA US","47.6216","-117.528","717.2","2018-07-16","5.37",",,W","0.00",",,W,2400",,,"0.0",",,W","0.0",",,W","79","H,,S","96",",,W","61",",,W",,,"  170",",,W","  160",",,W","14.1",",,W","18.1",",,W",,,,,,,,,,,,,,,,,,
"USW00024157","SPOKANE INTERNATIONAL AIRPORT, WA US","47.6216","-117.528","717.2","2018-07-17","8.50",",,W","0.00",",,W,2400",,,"0.0",",,W","0.0",",,W","80","H,,S","96",",,W","65",",,W",,,"  220",",,W","  210",",,W","18.1",",,W","23.0",",,W",,,,,,,,,,,,,,,,,,
"USW00024157","SPOKANE INTERNATIONAL AIRPORT, WA US","47.6216","-117.528","717.2","2018-07-18","11.18",",,W","0.00",",,W,2400",,,"0.0",",,W","0.0",",,W","79","H,,S","89",",,W","66",",,W",,,"  220",",,W","  210",",,W","21.0",",,W","27.1",",,W",,,,,,,,,,,,,,,,,,
"USW00024157","SPOKANE INTERNATIONAL AIRPORT, WA US","47.6216","-117.528","717.2","2018-07-19","10.96",",,W","0.00",",,W,2400",,,"0.0",",,W","0.0",",,W","75","H,,S","86",",,W","58",",,W",,,"  220",",,W","  220",",,W","23.0",",,W","29.1",",,W",,,,,,,,,,,,,,,,,,
"USW00024157","SPOKANE INTERNATIONAL AIRPORT, WA US","47.6216","-117.528","717.2","2018-07-20","11.18",",,W","0.00",",,W,2400",,,"0.0",",,W","0.0",",,W","71","H,,S","81",",,W","56",",,W",,,"  230",",,W","  220",",,W","19.9",",,W","25.1",",,W",,,,,,,,,,,,,,,"    1",",,W",,
"USW00024157","SPOKANE INTERNATIONAL AIRPORT, WA US","47.6216","-117.528","717.2","2018-07-21","9.17",",,W","0.00",",,W,2400",,,"0.0",",,W","0.0",",,W","68","H,,S","81",",,W","53",",,W",,,"  230",",,W","  230",",,W","21.0",",,W","27.1",",,W",,,,,,,,,,,,,,,"    1",",,W",,
"USW00024157","SPOKANE INTERNATIONAL AIRPORT, WA US","47.6216","-117.528","717.2","2018-07-22","4.03",",,W","0.00",",,W,2400",,,"0.0",",,W","0.0",",,W","70","H,,S","85",",,W","56",",,W",,,"  250",",,W","  220",",,W","12.1",",,W","16.1",",,W",,,,,,,,,,,,,,,,,,
"USW00024157","SPOKANE INTERNATIONAL AIRPORT, WA US","47.6216","-117.528","717.2","2018-07-23","3.13",",,W","0.00",",,W,2400",,,"0.0",",,W","0.0",",,W","74","H,,S","90",",,W","59",",,W",,,"  220",",,W","  220",",,W","12.1",",,W","15.0",",,W",,,,,,,,,,,,,,,,,,
"USW00024157","SPOKANE INTERNATIONAL AIRPORT, WA US","47.6216","-117.528","717.2","2018-07-24","6.49",",,W","0.00",",,W,2400",,,"0.0",",,W","0.0",",,W","79","H,,S","93",",,W","61",",,W",,,"  240",",,W","  240",",,W","19.9",",,W","23.9",",,W",,,,,,,,,,,,,,,,,,
"USW00024157","SPOKANE INTERNATIONAL AIRPORT, WA US","47.6216","-117.528","717.2","2018-07-25","5.14",",,W","0.00",",,W,2400",,,"0.0",",,W","0.0",",,W","80","H,,S","94",",,W","63",",,W",,,"  280",",,W","  280",",,W","14.1",",,W","19.9",",,W",,,,,,,,,,,,,,,,,,
"USW00024157","SPOKANE INTERNATIONAL AIRPORT, WA US","47.6216","-117.528","717.2","2018-07-26","5.37",",,W","0.00",",,W,2400",,,"0.0",",,W","0.0",",,W","80","H,,S","94",",,W","64",",,W",,,"   20",",,W","  310",",,W","13.0",",,W","15.0",",,W",,,,,,,,,,,,,,,,,,
"USW00024157","SPOKANE INTERNATIONAL AIRPORT, WA US","47.6216","-117.528","717.2","2018-07-27","5.82",",,W","0.02",",,W,2400",,,"0.0",",,W","0.0",",,W","79","H,,S","90",",,W","67",",,W",,,"  360",",,W","  360",",,W","19.9",",,W","21.0",",,W",,,,,,,,,,,,,,,,,,
"USW00024157","SPOKANE INTERNATIONAL AIRPORT, WA US","47.6216","-117.528","717.2","2018-07-28","5.37",",,W","0.00","T,,W,2400",,,"0.0",",,W","0.0",",,W","80","H,,S","93",",,W","68",",,W",,,"   90",",,W","   80",",,W","19.9",",,W","25.1",",,W",,,,,"    1",",,W",,,,,,,,,,,,
"USW00024157","SPOKANE INTERNATIONAL AIRPORT, WA US","47.6216","-117.528","717.2","2018-07-29","5.59",",,W","0.00",",,W,2400",,,"0.0",",,W","0.0",",,W","80","H,,S","94",",,W","65",",,W",,,"   20",",,W","   40",",,W","15.0",",,W","19.9",",,W",,,,,,,,,,,,,,,,,,
"USW00024157","SPOKANE INTERNATIONAL AIRPORT, WA US","47.6216","-117.528","717.2","2018-07-30","4.92",",,W","0.00",",,W,2400",,,"0.0",",,W","0.0",",,W","81","H,,S","97",",,W","65",",,W",,,"   70",",,W","   90",",,W","15.0",",,W","19.9",",,W",,,,,,,,,,,,,,,,,,
"USW00024157","SPOKANE INTERNATIONAL AIRPORT, WA US","47.6216","-117.528","717.2","2018-07-31","6.93",",,W","0.00",",,W,2400",,,"0.0",",,W","0.0",",,W","83","H,,S","97",",,W","69",",,W",,,"  220",",,W","   30",",,W","14.1",",,W","16.1",",,W",,,,,,,,,,,,,,,,,,
"USW00024157","SPOKANE INTERNATIONAL AIRPORT, WA US","47.6216","-117.528","717.2","2018-08-01","10.74",",,W","0.00",",,W,2400",,,"0.0",",,W","0.0",",,W","81","H,,S","91",",,W","64",",,W",,,"  230",",,W","  210",",,W","21.9",",,W","32.0",",,W",,,,,,,,,,,,,,,,,,
"USW00024157","SPOKANE INTERNATIONAL AIRPORT, WA US","47.6216","-117.528","717.2","2018-08-02","11.86",",,W","0.00",",,W,2400",,,"0.0",",,W","0.0",",,W","76","H,,S","87",",,W","61",",,W",,,"  240",",,W","  230",",,W","23.0",",,W","29.1",",,W",,,,,,,,,,,,,,,,,,
"USW00024157","SPOKANE INTERNATIONAL AIRPORT, WA US","47.6216","-117.528","717.2","2018-08-03","11.41",",,W","0.00",",,W,2400",,,"0.0",",,W","0.0",",,W","69","H,,S","77",",,W","55",",,W",,,"  220",",,W","  220",",,W","21.0",",,W","33.1",",,W",,,,,,,,,,,,,,,,,,
"USW00024157","SPOKANE INTERNATIONAL AIRPORT, WA US","47.6216","-117.528","717.2","2018-08-04","4.92",",,W","0.00",",,W,2400",,,"0.0",",,W","0.0",",,W","67","H,,S","82",",,W","53",",,W",,,"   10",",,W","  200",",,W","13.0",",,W","15.0",",,W",,,,,,,,,,,,,,,,,,
"USW00024157","SPOKANE INTERNATIONAL AIRPORT, WA US","47.6216","-117.528","717.2","2018-08-05","3.13",",,W","0.00",",,W,2400",,,"0.0",",,W","0.0",",,W","71","H,,S","88",",,W","58",",,W",,,"  330",",,W","  330",",,W","14.1",",,W","17.0",",,W",,,,,,,,,,,,,,,"    1",",,W",,
"USW00024157","SPOKANE INTERNATIONAL AIRPORT, WA US","47.6216","-117.528","717.2","2018-08-06","6.26",",,W","0.00",",,W,2400",,,"0.0",",,W","0.0",",,W","77","H,,S","91",",,W","61",",,W",,,"  300",",,W","  290",",,W","17.0",",,W","23.0",",,W",,,,,,,,,,,,,,,"    1",",,W",,
"USW00024157","SPOKANE INTERNATIONAL AIRPORT, WA US","47.6216","-117.528","717.2","2018-08-07","7.38",",,W","0.00",",,W,2400",,,"0.0",",,W","0.0",",,W","78","H,,S","93",",,W","62",",,W",,,"  270",",,W","  280",",,W","21.0",",,W","23.9",",,W",,,,,,,,,,,,,,,"    1",",,W",,
"USW00024157","SPOKANE INTERNATIONAL AIRPORT, WA US","47.6216","-117.528","717.2","2018-08-08","3.80",",,W","0.00",",,W,2400",,,"0.0",",,W","0.0",",,W","80","H,,S","98",",,W","64",",,W",,,"   70",",,W","   30",",,W","12.1",",,W","14.1",",,W",,,,,,,,,,,,,,,"    1",",,W",,
"USW00024157","SPOKANE INTERNATIONAL AIRPORT, WA US","47.6216","-117.528","717.2","2018-08-09","5.59",",,W","0.00",",,W,2400",,,"0.0",",,W","0.0",",,W","83","H,,S","103",",,W","68",",,W",,,"   70",",,W","   70",",,W","12.1",",,W","17.0",",,W",,,,,,,,,,,,,,,"    1",",,W",,
"USW00024157","SPOKANE INTERNATIONAL AIRPORT, WA US","47.6216","-117.528","717.2","2018-08-10","8.95",",,W","0.00",",,W,2400",,,"0.0",",,W","0.0",",,W","88","H,,S","102",",,W","73",",,W",,,"  250",",,W","  220",",,W","19.9",",,W","23.9",",,W",,,,,"    1",",,W",,,,,,,,,"    1",",,W",,
"USW00024157","SPOKANE INTERNATIONAL AIRPORT, WA US","47.6216","-117.528","717.2","2018-08-11","13.20",",,W","0.00",",,W,2400",,,"0.0",",,W","0.0",",,W","83","H,,S","87",",,W","62",",,W",,,"  230",",,W","  270",",,W","28.0",",,W","36.0",",,W",,,,,,,,,,,,,,,"    1",",,W",,
"USW00024157","SPOKANE INTERNATIONAL AIRPORT, WA US","47.6216","-117.528","717.2","2018-08-12","8.28",",,W","0.00",",,W,2400",,,"0.0",",,W","0.0",",,W","68","H,,S","77",",,W","54",",,W",,,"  220",",,W","  210",",,W","18.1",",,W","21.9",",,W",,,,,,,,,,,,,,,"    1",",,W",,
"USW00024157","SPOKANE INTERNATIONAL AIRPORT, WA US","47.6216","-117.528","717.2","2018-08-13","5.37",",,W","0.00",",,W,2400",,,"0.0",",,W","0.0",",,W","68","H,,S","82",",,W","56",",,W",,,"   30",",,W","  310",",,W","10.1",",,W","16.1",",,W",,,,,,,,,,,,,,,"    1",",,W",,
"USW00024157","SPOKANE INTERNATIONAL AIRPORT, WA US","47.6216","-117.528","717.2","2018-08-14","3.80",",,W","0.00",",,W,2400",,,"0.0",",,W","0.0",",,W","70","H,,S","87",",,W","57",",,W",,,"  220",",,W","  220",",,W","13.0",",,W","16.1",",,W",,,,,,,,,,,,,,,"    1",",,W",,
"USW00024157","SPOKANE INTERNATIONAL AIRPORT, WA US","47.6216","-117.528","717.2","2018-08-15","3.80",",,W","0.00",",,W,2400",,,"0.0",",,W","0.0",",,W","75","H,,S","90",",,W","60",",,W",,,"  270",",,W","  270",",,W","12.1",",,W","14.1",",,W",,,,,,,,,,,,,,,"    1",",,W",,
"USW00024157","SPOKANE INTERNATIONAL AIRPORT, WA US","47.6216","-117.528","717.2","2018-08-16","5.37",",,W","0.00",",,W,2400",,,"0.0",",,W","0.0",",,W","77","H,,S","94",",,W","64",",,W",,,"  200",",,W","  270",",,W","13.0",",,W","19.0",",,W",,,,,,,,,,,,,,,"    1",",,W",,
"USW00024157","SPOKANE INTERNATIONAL AIRPORT, WA US","47.6216","-117.528","717.2","2018-08-17","8.95",",,W","0.00","T,,W,2400",,,"0.0",",,W","0.0",",,W","79","H,,S","87",",,W","66",",,W",,,"  220",",,W","  220",",,W","21.0",",,W","25.1",",,W",,,,,,,,,,,,,,,"    1",",,W",,
"USW00024157","SPOKANE INTERNATIONAL AIRPORT, WA US","47.6216","-117.528","717.2","2018-08-18","5.82",",,W","0.00",",,W,2400",,,"0.0",",,W","0.0",",,W","72","H,,S","83",",,W","59",",,W",,,"  210",",,W","  210",",,W","12.1",",,W","15.0",",,W",,,,,,,,,,,,,,,"    1",",,W",,
"USW00024157","SPOKANE INTERNATIONAL AIRPORT, WA US","47.6216","-117.528","717.2","2018-08-19","4.25",",,W","0.00",",,W,2400",,,"0.0",",,W","0.0",",,W","69","H,,S","77",",,W","58",",,W",,,"   20",",,W","   10",",,W","10.1",",,W","14.1",",,W",,,,,,,,,,,,,,,"    1",",,W",,
"USW00024157","SPOKANE INTERNATIONAL AIRPORT, WA US","47.6216","-117.528","717.2","2018-08-20","10.74",",,W","0.00",",,W,2400",,,"0.0",",,W","0.0",",,W","67","H,,S","79",",,W","56",",,W",,,"   40",",,W","   60",",,W","25.1",",,W","32.0",",,W",,,,,,,,,,,,,,,"    1",",,W",,
"USW00024157","SPOKANE INTERNATIONAL AIRPORT, WA US","47.6216","-117.528","717.2","2018-08-21","5.82",",,W","0.00",",,W,2400",,,"0.0",",,W","0.0",",,W","67","H,,S","83",",,W","56",",,W",,,"   50",",,W","   20",",,W","15.0",",,W","19.9",",,W",,,,,,,,,,,,,,,"    1",",,W",,
"USW00024157","SPOKANE INTERNATIONAL AIRPORT, WA US","47.6216","-117.528","717.2","2018-08-22","5.59",",,W","0.00",",,W,2400",,,"0.0",",,W","0.0",",,W","70","H,,S","87",",,W","54",",,W",,,"  250",",,W","  230",",,W","16.1",",,W","21.0",",,W",,,,,,,,,,,,,,,"    1",",,W",,
"USW00024157","SPOKANE INTERNATIONAL AIRPORT, WA US","47.6216","-117.528","717.2","2018-08-23","12.08",",,W","0.00",",,W,2400",,,"0.0",",,W","0.0",",,W","72","H,,S","83",",,W","58",",,W",,,"  220",",,W","  220",",,W","21.9",",,W","28.0",",,W",,,,,,,,,,,,,,,"    1",",,W",,
"USW00024157","SPOKANE INTERNATIONAL AIRPORT, WA US","47.6216","-117.528","717.2","2018-08-24","13.42",",,W","0.00",",,W,2400",,,"0.0",",,W","0.0",",,W","67","H,,S","74",",,W","54",",,W",,,"  210",",,W","  240",",,W","23.0",",,W","27.1",",,W",,,,,,,,,,,,,,,"    1",",,W",,
"USW00024157","SPOKANE INTERNATIONAL AIRPORT, WA US","47.6216","-117.528","717.2","2018-08-25","8.28",",,W","0.00",",,W,2400",,,"0.0",",,W","0.0",",,W","60","H,,S","70",",,W","48",",,W",,,"  220",",,W","  210",",,W","15.0",",,W","19.9",",,W",,,,,,,,,,,,,,,"    1",",,W",,
"USW00024157","SPOKANE INTERNATIONAL AIRPORT, WA US","47.6216","-117.528","717.2","2018-08-26","10.51",",,W","0.06",",,W,2400",,,"0.0",",,W","0.0",",,W","61","H,,S","64",",,W","53",",,W",,,"  220",",,W",,,"18.1",",,W",,,,,,,,,,,,,,,,,"    1",",,W",,
"USW00024157","SPOKANE INTERNATIONAL AIRPORT, WA US","47.6216","-117.528","717.2","2018-08-27","7.16",",,W","0.11",",,W,2400",,,"0.0",",,W","0.0",",,W","56","H,,S","68",",,W","52",",,W",,,"   30",",,W","   30",",,W","16.1",",,W","19.0",",,W","    1",",,W",,,,,,,,,,,,,,,,
"USW00024157","SPOKANE INTERNATIONAL AIRPORT, WA US","47.6216","-117.528","717.2","2018-08-28","9.17",",,W","0.00",",,W,2400",,,"0.0",",,W","0.0",",,W","60","H,,S","75",",,W","48",",,W",,,"  270",",,W","  250",",,W","16.1",",,W","23.9",",,W",,,,,,,,,,,,,,,,,,
"USW00024157","SPOKANE INTERNATIONAL AIRPORT, WA US","47.6216","-117.528","717.2","2018-08-29","10.51",",,W","0.00",",,W,2400",,,"0.0",",,W","0.0",",,W","66","H,,S","83",",,W","53",",,W",,,"  220",",,W","  210",",,W","25.1",",,W","30.0",",,W",,,,,,,,,,,,,,,"    1",",,W",,
"USW00024157","SPOKANE INTERNATIONAL AIRPORT, WA US","47.6216","-117.528","717.2","2018-08-30","10.51",",,W","0.00",",,W,2400",,,"0.0",",,W","0.0",",,W","67","H,,S","77",",,W","54",",,W",,,"  250",",,W","  260",",,W","23.0",",,W","27.1",",,W",,,,,,,,,,,,,,,"    1",",,W",,
"USW00024157","SPOKANE INTERNATIONAL AIRPORT, WA US","47.6216","-117.528","717.2","2018-08-31","10.29",",,W","0.00",",,W,2400",,,"0.0",",,W","0.0",",,W","63","H,,S","74",",,W","49",",,W",,,"  250",",,W","  220",",,W","21.0",",,W","27.1",",,W",,,,,,,,,,,,,,,,,,
"USW00024157","SPOKANE INTERNATIONAL AIRPORT, WA US","47.6216","-117.528","717.2","2018-09-01","8.50",",,W","0.00",",,W,2400",,,"0.0",",,W","0.0",",,W","62","H,,S","74",",,W","50",",,W",,,"  210",",,W","  220",",,W","18.1",",,W","21.9",",,W",,,,,,,,,,,,,,,,,,
"USW00024157","SPOKANE INTERNATIONAL AIRPORT, WA US","47.6216","-117.528","717.2","2018-09-02","7.83",",,W","0.00",",,W,2400",,,"0.0",",,W","0.0",",,W","63","H,,S","77",",,W","50",",,W",,,"  240",",,W","  240",",,W","19.9",",,W","25.1",",,W",,,,,,,,,,,,,,,,,,
"USW00024157","SPOKANE INTERNATIONAL AIRPORT, WA US","47.6216","-117.528","717.2","2018-09-03","8.95",",,W","0.00",",,W,2400",,,"0.0",",,W","0.0",",,W","67","H,,S","78",",,W","56",",,W",,,"  230",",,W","  230",",,W","17.0",",,W","23.9",",,W",,,,,,,,,,,,,,,,,,
"USW00024157","SPOKANE INTERNATIONAL AIRPORT, WA US","47.6216","-117.528","717.2","2018-09-04","4.70",",,W","0.00",",,W,2400",,,"0.0",",,W","0.0",",,W","64","H,,S","76",",,W","51",",,W",,,"  280",",,W","  280",",,W","13.0",",,W","15.0",",,W",,,,,,,,,,,,,,,"    1",",,W",,
"USW00024157","SPOKANE INTERNATIONAL AIRPORT, WA US","47.6216","-117.528","717.2","2018-09-05","4.03",",,W","0.00",",,W,2400",,,"0.0",",,W","0.0",",,W","63","H,,S","82",",,W","49",",,W",,,"   50",",,W","   60",",,W","10.1",",,W","13.0",",,W",,,,,,,,,,,,,,,,,,
"USW00024157","SPOKANE INTERNATIONAL AIRPORT, WA US","47.6216","-117.528","717.2","2018-09-06","4.03",",,W","0.00",",,W,2400",,,"0.0",",,W","0.0",",,W","68","H,,S","87",",,W","53",",,W",,,"   60",",,W","  240",",,W","12.1",",,W","13.0",",,W",,,,,,,,,,,,,,,,,,
"USW00024157","SPOKANE INTERNATIONAL AIRPORT, WA US","47.6216","-117.528","717.2","2018-09-07","8.50",",,W","0.00","T,,W,2400",,,"0.0",",,W","0.0",",,W","71","H,,S","84",",,W","57",",,W",,,"  280",",,W","  280",",,W","36.9",",,W","46.1",",,W",,,,,,,,,,,,,,,"    1",",,W",,
"USW00024157","SPOKANE INTERNATIONAL AIRPORT, WA US","47.6216","-117.528","717.2","2018-09-08","11.41",",,W","0.00","T,,W,2400",,,"0.0",",,W","0.0",",,W","69","H,,S","75",",,W","57",",,W",,,"  290",",,W","  290",",,W","28.0",",,W","33.1",",,W",,,,,,,,,,,,,,,,,,
"USW00024157","SPOKANE INTERNATIONAL AIRPORT, WA US","47.6216","-117.528","717.2","2018-09-09","7.61",",,W","0.00","T,,W,2400",,,"0.0",",,W","0.0",",,W","63","H,,S","74",",,W","51",",,W",,,"  230",",,W","  230",",,W","16.1",",,W","21.0",",,W",,,,,,,,,,,,,,,,,,
"USW00024157","SPOKANE INTERNATIONAL AIRPORT, WA US","47.6216","-117.528","717.2","2018-09-10","14.09",",,W","0.00",",,W,2400",,,"0.0",",,W","0.0",",,W","64","H,,S","70",",,W","55",",,W",,,"  240",",,W","  220",",,W","23.9",",,W","30.0",",,W",,,,,,,,,,,,,,,,,,
"USW00024157","SPOKANE INTERNATIONAL AIRPORT, WA US","47.6216","-117.528","717.2","2018-09-11","7.38",",,W","0.00","T,,W,2400",,,"0.0",",,W","0.0",",,W","58","H,,S","66",",,W","51",",,W",,,"  240",",,W","  230",",,W","17.0",",,W","21.9",",,W",,,,,,,,,,,,,,,,,,
"USW00024157","SPOKANE INTERNATIONAL AIRPORT, WA US","47.6216","-117.528","717.2","2018-09-12","5.59",",,W","0.00",",,W,2400",,,"0.0",",,W","0.0",",,W","56","H,,S","66",",,W","47",",,W",,,"  220",",,W","  220",",,W","17.0",",,W","19.9",",,W",,,,,,,,,,,,,,,,,,
"USW00024157","SPOKANE INTERNATIONAL AIRPORT, WA US","47.6216","-117.528","717.2","2018-09-13","9.40",",,W","0.00",",,W,2400",,,"0.0",",,W","0.0",",,W","55","H,,S","66",",,W","44",",,W",,,"  220",",,W","  220",",,W","23.0",",,W","27.1",",,W",,,,,,,,,,,,,,,,,,
"USW00024157","SPOKANE INTERNATIONAL AIRPORT, WA US","47.6216","-117.528","717.2","2018-09-14","4.70",",,W","0.00","T,,W,2400",,,"0.0",",,W","0.0",",,W","56","H,,S","70",",,W","46",",,W",,,"  190",",,W","  190",",,W","12.1",",,W","16.1",",,W",,,,,,,,,,,,,,,,,,
"USW00024157","SPOKANE INTERNATIONAL AIRPORT, WA US","47.6216","-117.528","717.2","2018-09-15","6.04",",,W","0.01",",,W,2400",,,"0.0",",,W","0.0",",,W","61","H,,S","71",",,W","51",",,W",,,"  210",",,W","  210",",,W","15.0",",,W","19.9",",,W",,,,,,,,,,,,,,,,,,
"USW00024157","SPOKANE INTERNATIONAL AIRPORT, WA US","47.6216","-117.528","717.2","2018-09-16","13.65",",,W","0.01",",,W,2400",,,"0.0",",,W","0.0",",,W","58","H,,S","66",",,W","49",",,W",,,"  230",",,W","  220",",,W","28.0",",,W","33.1",",,W",,,,,,,,,,,,,,,,,,
"USW00024157","SPOKANE INTERNATIONAL AIRPORT, WA US","47.6216","-117.528","717.2","2018-09-17","4.70",",,W","0.00",",,W,2400",,,"0.0",",,W","0.0",",,W","53","H,,S","65",",,W","40",",,W",,,"  220",",,W","  220",",,W","13.0",",,W","14.1",",,W",,,,,,,,,,,,,,,,,,
"USW00024157","SPOKANE INTERNATIONAL AIRPORT, WA US","47.6216","-117.528","717.2","2018-09-18","3.36",",,W","0.00",",,W,2400",,,"0.0",",,W","0.0",",,W","54","H,,S","70",",,W","40",",,W",,,"  300",",,W","  300",",,W","12.1",",,W","15.0",",,W",,,,,,,,,,,,,,,,,,
"USW00024157","SPOKANE INTERNATIONAL AIRPORT, WA US","47.6216","-117.528","717.2","2018-09-19","4.03",",,W","0.00",",,W,2400",,,"0.0",",,W","0.0",",,W","55","H,,S","71",",,W","43",",,W",,,"  250",",,W","   20",",,W","10.1",",,W","14.1",",,W",,,,,,,,,,,,,,,,,,
"USW00024157","SPOKANE INTERNATIONAL AIRPORT, WA US","47.6216","-117.528","717.2","2018-09-20","10.07",",,W","0.00",",,W,2400",,,"0.0",",,W","0.0",",,W","55","H,,S","65",",,W","44",",,W",,,"  230",",,W","  220",",,W","21.0",",,W","27.1",",,W",,,,,,,,,,,,,,,,,,
"USW00024157","SPOKANE INTERNATIONAL AIRPORT, WA US","47.6216","-117.528","717.2","2018-09-21","8.05",",,W","0.00",",,W,2400",,,"0.0",",,W","0.0",",,W","59","H,,S","71",",,W","49",",,W",,,"  200",",,W","  230",",,W","15.0",",,W","19.9",",,W",,,,,,,,,,,,,,,,,,
"USW00024157","SPOKANE INTERNATIONAL AIRPORT, WA US","47.6216","-117.528","717.2","2018-09-22","15.21",",,W","0.00",",,W,2400",,,"0.0",",,W","0.0",",,W","63","H,,S","68",",,W","53",",,W",,,"  200",",,W","  200",",,W","30.0",",,W","36.0",",,W",,,,,,,,,,,,,,,,,,
"USW00024157","SPOKANE INTERNATIONAL AIRPORT, WA US","47.6216","-117.528","717.2","2018-09-23","11.41",",,W","0.00",",,W,2400",,,"0.0",",,W","0.0",",,W","55","H,,S","62",",,W","46",",,W",,,"  200",",,W","  200",",,W","18.1",",,W","21.9",",,W",,,,,,,,,,,,,,,,,,
"USW00024157","SPOKANE INTERNATIONAL AIRPORT, WA US","47.6216","-117.528","717.2","2018-09-24","5.82",",,W","0.00",",,W,2400",,,"0.0",",,W","0.0",",,W","56","H,,S","67",",,W","44",",,W",,,"  240",",,W","  230",",,W","16.1",",,W","19.0",",,W",,,,,,,,,,,,,,,,,,
"USW00024157","SPOKANE INTERNATIONAL AIRPORT, WA US","47.6216","-117.528","717.2","2018-09-25","4.70",",,W","0.00",",,W,2400",,,"0.0",",,W","0.0",",,W","55","H,,S","70",",,W","42",",,W",,,"  280",",,W","  310",",,W","10.1",",,W","14.1",",,W",,,,,,,,,,,,,,,,,,
"USW00024157","SPOKANE INTERNATIONAL AIRPORT, WA US","47.6216","-117.528","717.2","2018-09-26","6.71",",,W","0.00",",,W,2400",,,"0.0",",,W","0.0",",,W","58","H,,S","73",",,W","44",",,W",,,"  230",",,W","  230",",,W","14.1",",,W","18.1",",,W",,,,,,,,,,,,,,,,,,
"USW00024157","SPOKANE INTERNATIONAL AIRPORT, WA US","47.6216","-117.528","717.2","2018-09-27","6.49",",,W","0.00",",,W,2400",,,"0.0",",,W","0.0",",,W","61","H,,S","75",",,W","47",",,W",,,"  350",",,W","   30",",,W","18.1",",,W","23.0",",,W",,,,,,,,,,,,,,,,,,
"USW00024157","SPOKANE INTERNATIONAL AIRPORT, WA US","47.6216","-117.528","717.2","2018-09-28","7.38",",,W","0.00",",,W,2400",,,"0.0",",,W","0.0",",,W","60","H,,S","69",",,W","49",",,W",,,"   40",",,W","   30",",,W","17.0",",,W","21.0",",,W",,,,,,,,,,,,,,,,,,
"USW00024157","SPOKANE INTERNATIONAL AIRPORT, WA US","47.6216","-117.528","717.2","2018-09-29","14.32",",,W","0.00","T,,W,2400",,,"0.0",",,W","0.0",",,W","56","H,,S","66",",,W","46",",,W",,,"   50",",,W","   50",",,W","25.9",",,W","33.1",",,W",,,,,,,,,,,,,,,,,,
"USW00024157","SPOKANE INTERNATIONAL AIRPORT, WA US","47.6216","-117.528","717.2","2018-09-30","8.50",",,W","0.00","T,,W,2400",,,"0.0",",,W","0.0",",,W","49","H,,S","55",",,W","44",",,W",,,"   30",",,W","   30",",,W","16.1",",,W","21.0",",,W",,,,,,,,,,,,,,,,,,
"USW00024157","SPOKANE INTERNATIONAL AIRPORT, WA US","47.6216","-117.528","717.2","2018-10-01","6.71",",,W","0.00",",,W,2400",,,"0.0",",,W","0.0",",,W","53","H,,S","68",",,W","47",",,W",,,"  230",",,W","  220",",,W","19.9",",,W","23.0",",,W",,,,,,,,,,,,,,,,,,
"USW00024157","SPOKANE INTERNATIONAL AIRPORT, WA US","47.6216","-117.528","717.2","2018-10-02","17.00",",,W","0.00","T,,W,2400",,,"0.0",",,W","0.0",",,W","60","H,,S","67",",,W","40",",,W",,,"  250",",,W","  310",",,W","33.1",",,W","40.0",",,W",,,,,,,,,,,,,"    1",",,W","    1",",,W",,
"USW00024157","SPOKANE INTERNATIONAL AIRPORT, WA US","47.6216","-117.528","717.2","2018-10-03","5.37",",,W","0.00",",,W,2400",,,"0.0",",,W","0.0",",,W","45","H,,S","55",",,W","32",",,W",,,"  280",",,W","  270",",,W","14.1",",,W","16.1",",,W",,,,,,,,,,,,,,,,,,
"USW00024157","SPOKANE INTERNATIONAL AIRPORT, WA US","47.6216","-117.528","717.2","2018-10-04","5.82",",,W","0.00",",,W,2400",,,"0.0",",,W","0.0",",,W","47","H,,S","57",",,W","39",",,W",,,"  230",",,W","  290",",,W","15.0",",,W","19.9",",,W",,,,,,,,,,,,,,,,,,
"USW00024157","SPOKANE INTERNATIONAL AIRPORT, WA US","47.6216","-117.528","717.2","2018-10-05","6.93",",,W","0.09",",,W,2400",,,"0.0",",,W","0.0",",,W","46","H,,S","55",",,W","34",",,W",,,"  220",",,W","  220",",,W","18.1",",,W","23.0",",,W","    1",",,W",,,,,,,,,,,,,,,,
"USW00024157","SPOKANE INTERNATIONAL AIRPORT, WA US","47.6216","-117.528","717.2","2018-10-06","6.49",",,W","0.06",",,W,2400",,,"0.0",",,W","0.0",",,W","47","H,,S","57",",,W","40",",,W",,,"  210",",,W","   10",",,W","12.1",",,W","15.0",",,W","    1",",,W","    1",",,W",,,,,,,,,,,,,,
"USW00024157","SPOKANE INTERNATIONAL AIRPORT, WA US","47.6216","-117.528","717.2","2018-10-07","4.70",",,W","0.00",",,W,2400",,,"0.0",",,W","0.0",",,W","46","H,,S","52",",,W","38",",,W",,,"  160",",,W","  170",",,W","8.9",",,W","13.0",",,W","    1",",,W","    1",",,W",,,,,,,,,,,,,,
"USW00024157","SPOKANE INTERNATIONAL AIRPORT, WA US","47.6216","-117.528","717.2","2018-10-08","4.70",",,W","0.12",",,W,2400",,,"0.0",",,W","0.0",",,W","48","H,,S","53",",,W","44",",,W",,,"  360",",,W","  350",",,W","8.1",",,W","10.1",",,W","    1",",,W",,,,,,,,,,,,,,,,
"USW00024157","SPOKANE INTERNATIONAL AIRPORT, WA US","47.6216","-117.528","717.2","2018-10-09","11.41",",,W","0.17",",,W,2400",,,"0.0",",,W","0.0",",,W","46","H,,S","53",",,W","41",",,W",,,"   20",",,W","   20",",,W","21.9",",,W","25.9",",,W","    1",",,W",,,,,,,,,,,,,,,,
"USW00024157","SPOKANE INTERNATIONAL AIRPORT, WA US","47.6216","-117.528","717.2","2018-10-10","4.92",",,W","0.00",",,W,2400",,,"0.0",",,W","0.0",",,W","47","H,,S","56",",,W","35",",,W",,,"   30",",,W","   30",",,W","13.0",",,W","18.1",",,W",,,,,,,,,,,,,,,,,,
"USW00024157","SPOKANE INTERNATIONAL AIRPORT, WA US","47.6216","-117.528","717.2","2018-10-11","5.59",",,W","0.00",",,W,2400",,,"0.0",",,W","0.0",",,W","44","H,,S","57",",,W","33",",,W",,,"  250",",,W","  260",",,W","16.1",",,W","21.0",",,W",,,,,,,,,,,,,,,,,,
"USW00024157","SPOKANE INTERNATIONAL AIRPORT, WA US","47.6216","-117.528","717.2","2018-10-12","9.17",",,W","0.00",",,W,2400",,,"0.0",",,W","0.0",",,W","48","H,,S","62",",,W","38",",,W",,,"   10",",,W","  360",",,W","25.9",",,W","33.1",",,W",,,,,,,,,,,,,,,,,,
"USW00024157","SPOKANE INTERNATIONAL AIRPORT, WA US","47.6216","-117.528","717.2","2018-10-13","7.16",",,W","0.01",",,W,2400",,,"0.0",",,W","0.0",",,W","49","H,,S","54",",,W","35",",,W",,,"   50",",,W","   40",",,W","21.9",",,W","27.1",",,W",,,,,,,,,,,,,,,,,,
"USW00024157","SPOKANE INTERNATIONAL AIRPORT, WA US","47.6216","-117.528","717.2","2018-10-14","4.70",",,W","0.00",",,W,2400",,,"0.0",",,W","0.0",",,W","42","H,,S","56",",,W","30",",,W",,,"  270",",,W","  270",",,W","14.1",",,W","17.0",",,W",,,,,,,,,,,,,,,,,,
"USW00024157","SPOKANE INTERNATIONAL AIRPORT, WA US","47.6216","-117.528","717.2","2018-10-15","5.59",",,W","0.00",",,W,2400",,,"0.0",",,W","0.0",",,W","44","H,,S","60",",,W","34",",,W",,,"  160",",,W","  150",",,W","10.1",",,W","13.0",",,W",,,,,,,,,,,,,,,,,,
"USW00024157","SPOKANE INTERNATIONAL AIRPORT, WA US","47.6216","-117.528","717.2","2018-10-16","4.25",",,W","0.00",",,W,2400",,,"0.0",",,W","0.0",",,W","45","H,,S","62",",,W","34",",,W",,,"   50",",,W","   70",",,W","12.1",",,W","14.1",",,W",,,,,,,,,,,,,,,"    1",",,W",,
"USW00024157","SPOKANE INTERNATIONAL AIRPORT, WA US","47.6216","-117.528","717.2","2018-10-17","4.03",",,W","0.00",",,W,2400",,,"0.0",",,W","0.0",",,W","48","H,,S","64",",,W","37",",,W",,,"   50",",,W","   60",",,W","12.1",",,W","14.1",",,W",,,,,,,,,,,,,,,"    1",",,W",,
"USW00024157","SPOKANE INTERNATIONAL AIRPORT, WA US","47.6216","-117.528","717.2","2018-10-18","2.24",",,W","0.00",",,W,2400",,,"0.0",",,W","0.0",",,W","48","H,,S","63",",,W","36",",,W",,,"   40",",,W","   40",",,W","8.9",",,W","10.1",",,W","    1",",,W",,,,,,,,,,,,,"    1",",,W",,
"USW00024157","SPOKANE INTERNATIONAL AIRPORT, WA US","47.6216","-117.528","717.2","2018-10-19","2.24",",,W","0.00",",,W,2400",,,"0.0",",,W","0.0",",,W","47","H,,S","66",",,W","36",",,W",,,"   60",",,W","   60",",,W","8.9",",,W","11.0",",,W",,,,,,,,,,,,,,,"    1",",,W",,
"USW00024157","SPOKANE INTERNATIONAL AIRPORT, WA US","47.6216","-117.528","717.2","2018-10-20","3.58",",,W","0.00",",,W,2400",,,"0.0",",,W","0.0",",,W","50","H,,S","67",",,W","39",",,W",,,"   20",",,W","   30",",,W","8.9",",,W","13.0",",,W",,,,,,,,,,,,,,,,,,
"USW00024157","SPOKANE INTERNATIONAL AIRPORT, WA US","47.6216","-117.528","717.2","2018-10-21","5.14",",,W","0.00",",,W,2400",,,"0.0",",,W","0.0",",,W","49","H,,S","65",",,W","39",",,W",,,"   50",",,W","   50",",,W","12.1",",,W","14.1",",,W",,,,,,,,,,,,,,,,,,
"USW00024157","SPOKANE INTERNATIONAL AIRPORT, WA US","47.6216","-117.528","717.2","2018-10-22","5.37",",,W","0.00",",,W,2400",,,"0.0",",,W","0.0",",,W","50","H,,S","65",",,W","38",",,W",,,"   50",",,W","   60",",,W","10.1",",,W","14.1",",,W",,,,,,,,,,,,,,,,,,
"USW00024157","SPOKANE INTERNATIONAL AIRPORT, WA US","47.6216","-117.528","717.2","2018-10-23","4.92",",,W","0.00","T,,W,2400",,,"0.0",",,W","0.0",",,W","51","H,,S","61",",,W","41",",,W",,,"   60",",,W","   50",",,W","13.0",",,W","15.0",",,W",,,,,,,,,,,,,,,,,,
"USW00024157","SPOKANE INTERNATIONAL AIRPORT, WA US","47.6216","-117.528","717.2","2018-10-24","7.38",",,W","0.00",",,W,2400",,,"0.0",",,W","0.0",",,W","51","H,,S","58",",,W","44",",,W",,,"  230",",,W","  230",",,W","15.0",",,W","18.1",",,W","    1",",,W",,,,,,,,,,,,,,,,
"USW00024157","SPOKANE INTERNATIONAL AIRPORT, WA US","47.6216","-117.528","717.2","2018-10-25","6.26",",,W","0.23",",,W,2400",,,"0.0",",,W","0.0",",,W","48","H,,S","56",",,W","42",",,W",,,"  220",",,W","  220",",,W","14.1",",,W","17.0",",,W","    1",",,W",,,,,,,,,,,,,,,,
"USW00024157","SPOKANE INTERNATIONAL AIRPORT, WA US","47.6216","-117.528","717.2","2018-10-26","10.74",",,W","0.34",",,W,2400",,,"0.0",",,W","0.0",",,W","50","H,,S","58",",,W","46",",,W",,,"  200",",,W","  200",",,W","19.9",",,W","25.1",",,W","    1",",,W",,,,,,,,,,,,,,,,
"USW00024157","SPOKANE INTERNATIONAL AIRPORT, WA US","47.6216","-117.528","717.2","2018-10-27","7.16",",,W","0.04",",,W,2400",,,"0.0",",,W","0.0",",,W","49","H,,S","55",",,W","38",",,W",,,"  240",",,W","  250",",,W","16.1",",,W","19.0",",,W","    1",",,W","    1",",,W",,,,,,,,,,,,,,
"USW00024157","SPOKANE INTERNATIONAL AIRPORT, WA US","47.6216","-117.528","717.2","2018-10-28","10.51",",,W","0.37",",,W,2400",,,"0.0",",,W","0.0",",,W","48","H,,S","51",",,W","41",",,W",,,"  210",",,W","  220",",,W","18.1",",,W","25.1",",,W","    1",",,W","    1",",,W",,,,,,,,,,,,,,
"USW00024157","SPOKANE INTERNATIONAL AIRPORT, WA US","47.6216","-117.528","717.2","2018-10-29","11.18",",,W","0.00","T,,W,2400",,,"0.0",",,W","0.0",",,W","45","H,,S","51",",,W","37",",,W",,,"  250",",,W","  250",",,W","21.0",",,W","23.9",",,W",,,,,,,,,,,,,,,,,,
"USW00024157","SPOKANE INTERNATIONAL AIRPORT, WA US","47.6216","-117.528","717.2","2018-10-30","5.59",",,W","0.00",",,W,2400",,,"0.0",",,W","0.0",",,W","41","H,,S","49",",,W","34",",,W",,,"  240",",,W","  220",",,W","13.0",",,W","15.0",",,W","    1",",,W","    1",",,W",,,,,,,,,,,,,,
"USW00024157","SPOKANE INTERNATIONAL AIRPORT, WA US","47.6216","-117.528","717.2","2018-10-31","7.38",",,W","0.21",",,W,2400",,,"0.0",",,W","0.0",",,W","42","H,,S","49",",,W","39",",,W",,,"  230",",,W","  200",",,W","18.1",",,W","25.1",",,W","    1",",,W",,,,,,,,,,,,,,,,
"USW00024157","SPOKANE INTERNATIONAL AIRPORT, WA US","47.6216","-117.528","717.2","2018-11-01","8.72",",,W","0.18",",,W,2400",,,"0.0",",,W","0.0",",,W","48","H,,S","54",",,W","46",",,W",,,"  200",",,W","  200",",,W","25.1",",,W","32.0",",,W","    1",",,W","    1",",,W",,,,,,,,,,,,,,
"USW00024157","SPOKANE INTERNATIONAL AIRPORT, WA US","47.6216","-117.528","717.2","2018-11-02","19.01",",,W","0.03",",,W,2400",,,"0.0",",,W","0.0",",,W","52","H,,S","59",",,W","44",",,W",,,"  260",",,W","  210",",,W","33.1",",,W","40.0",",,W",,,,,,,,,,,,,,,,,,
"USW00024157","SPOKANE INTERNATIONAL AIRPORT, WA US","47.6216","-117.528","717.2","2018-11-03","10.96",",,W","0.07",",,W,2400","    0",",,W","0.0",",,W","0.0",",,W","47","H,,S","52",",,W","41",",,W","    0",",,W","  240",",,W","  180",",,W","18.1",",,W","19.9",",,W",,,,,,,,,,,,,,,,,,
"USW00024157","SPOKANE INTERNATIONAL AIRPORT, WA US","47.6216","-117.528","717.2","2018-11-04","17.22",",,W","0.05",",,W,2400",,,"0.0",",,W","0.0",",,W","48","H,,S","57",",,W","39",",,W",,,"  220",",,W","  210",",,W","29.1",",,W","34.0",",,W",,,,,,,,,,,,,,,,,,
"USW00024157","SPOKANE INTERNATIONAL AIRPORT, WA US","47.6216","-117.528","717.2","2018-11-05","9.84",",,W","0.00","T,,W,2400",,,"0.0",",,W","0.0",",,W","44","H,,S","49",",,W","38",",,W",,,"  220",",,W","  210",",,W","21.0",",,W","25.1",",,W",,,,,"    1",",,W",,,,,,,,,,,,
"USW00024157","SPOKANE INTERNATIONAL AIRPORT, WA US","47.6216","-117.528","717.2","2018-11-06","5.82",",,W","0.00",",,W,2400",,,"0.0",",,W","0.0",",,W","40","H,,S","46",",,W","34",",,W",,,"  200",",,W","  210",",,W","14.1",",,W","18.1",",,W","    1",",,W",,,,,,,,,,,,,,,,
"USW00024157","SPOKANE INTERNATIONAL AIRPORT, WA US","47.6216","-117.528","717.2","2018-11-07","4.03",",,W","0.00",",,W,2400",,,"0.0",",,W","0.0",",,W","37","H,,S","45",",,W","30",",,W",,,"  290",",,W","  320",",,W","12.1",",,W","14.1",",,W","    1",",,W","    1",",,W",,,,,,,,,,,,,,
"USW00024157","SPOKANE INTERNATIONAL AIRPORT, WA US","47.6216","-117.528","717.2","2018-11-08","4.92",",,W","0.00",",,W,2400",,,"0.0",",,W","0.0",",,W","33","H,,S","41",",,W","23",",,W",,,"  160",",,W","  200",",,W","8.9",",,W","12.1",",,W",,,,,,,,,,,,,,,,,,
"USW00024157","SPOKANE INTERNATIONAL AIRPORT, WA US","47.6216","-117.528","717.2","2018-11-09","3.13",",,W","0.06",",,W,2400",,,"1.1",",,W","0.0",",,W","31","H,,S","36",",,W","26",",,W",,,"  160",",,W","  140",",,W","12.1",",,W","17.0",",,W","    1",",,W","    1",",,W",,,,,,,,,,,,,,
"USW00024157","SPOKANE INTERNATIONAL AIRPORT, WA US","47.6216","-117.528","717.2","2018-11-10","2.91",",,W","0.00",",,W,2400",,,"0.0",",,W","1.2",",,W","29","H,,S","31",",,W","24",",,W",,,"   70",",,W","   40",",,W","8.9",",,W","11.0",",,W","    1",",,W","    1",",,W",,,,,,,,,,,,,,
"USW00024157","SPOKANE INTERNATIONAL AIRPORT, WA US","47.6216","-117.528","717.2","2018-11-11","3.80",",,W","0.00",",,W,2400",,,"0.0",",,W","0.0","T,,W","30","H,,S","33",",,W","23",",,W",,,"   40",",,W","   50",",,W","10.1",",,W","13.0",",,W","    1",",,W",,,,,,,,,,,,,"    1",",,W",,
"USW00024157","SPOKANE INTERNATIONAL AIRPORT, WA US","47.6216","-117.528","717.2","2018-11-12","4.70",",,W","0.00",",,W,2400",,,"0.0",",,W","0.0",",,W","27","H,,S","30",",,W","25",",,W",,,"   40",",,W","   40",",,W","8.9",",,W","12.1",",,W","    1",",,W","    1",",,W",,,,,,,,,,,,,,
"USW00024157","SPOKANE INTERNATIONAL AIRPORT, WA US","47.6216","-117.528","717.2","2018-11-13","4.47",",,W","0.00",",,W,2400",,,"0.0",",,W","0.0",",,W","30","H,,S","41",",,W","26",",,W",,,"   50",",,W","   40",",,W","8.9",",,W","11.0",",,W","    1",",,W","    1",",,W",,,,,,,,,,,,,,
"USW00024157","SPOKANE INTERNATIONAL AIRPORT, WA US","47.6216","-117.528","717.2","2018-11-14","6.71",",,W","0.00",",,W,2400",,,"0.0",",,W","0.0",",,W","33","H,,S","44",",,W","26",",,W",,,"  230",",,W","  220",",,W","21.0",",,W","25.9",",,W","    1",",,W",,,,,,,,,,,,,"    1",",,W",,
"USW00024157","SPOKANE INTERNATIONAL AIRPORT, WA US","47.6216","-117.528","717.2","2018-11-15","4.47",",,W","0.03",",,W,2400",,,"0.0",",,W","0.0",",,W","33","H,,S","44",",,W","27",",,W",,,"  200",",,W","  210",",,W","15.0",",,W","19.9",",,W","    1",",,W","    1",",,W",,,,,,,,,,,"    1",",,W",,
"USW00024157","SPOKANE INTERNATIONAL AIRPORT, WA US","47.6216","-117.528","717.2","2018-11-16","4.03",",,W","0.00",",,W,2400",,,"0.0",",,W","0.0",",,W","40","H,,S","47",",,W","31",",,W",,,"   20",",,W","   30",",,W","13.0",",,W","18.1",",,W","    1",",,W","    1",",,W",,,,,,,,,,,,,,
"USW00024157","SPOKANE INTERNATIONAL AIRPORT, WA US","47.6216","-117.528","717.2","2018-11-17","2.68",",,W","0.00",",,W,2400",,,"0.0",",,W","0.0",",,W","35","H,,S","43",",,W","26",",,W",,,"   40",",,W","   40",",,W","10.1",",,W","13.0",",,W",,,,,,,,,,,,,,,,,,
"USW00024157","SPOKANE INTERNATIONAL AIRPORT, WA US","47.6216","-117.528","717.2","2018-11-18","2.01",",,W","0.00",",,W,2400",,,"0.0",",,W","0.0",",,W","31","H,,S","42",",,W","23",",,W",,,"   50",",,W","   50",",,W","8.1",",,W","8.9",",,W","    1",",,W",,,,,,,,,,,,,"    1",",,W",,
"USW00024157","SPOKANE INTERNATIONAL AIRPORT, WA US","47.6216","-117.528","717.2","2018-11-19","5.37",",,W","0.00",",,W,2400",,,"0.0",",,W","0.0",",,W","31","H,,S","41",",,W","25",",,W",,,"   40",",,W","   50",",,W","10.1",",,W","12.1",",,W",,,,,,,,,,,,,,,,,,
"USW00024157","SPOKANE INTERNATIONAL AIRPORT, WA US","47.6216","-117.528","717.2","2018-11-20","5.37",",,W","0.00",",,W,2400",,,"0.0",",,W","0.0",",,W","32","H,,S","42",",,W","25",",,W",,,"   60",",,W","   50",",,W","8.9",",,W","12.1",",,W",,,,,,,,,,,,,,,,,,
"USW00024157","SPOKANE INTERNATIONAL AIRPORT, WA US","47.6216","-117.528","717.2","2018-11-21","6.26",",,W","0.01",",,W,2400",,,"0.0",",,W","0.0",",,W","31","H,,S","36",",,W","28",",,W",,,"   90",",,W","   90",",,W","18.1",",,W","21.9",",,W",,,,,,,,,,,,,,,,,,
"USW00024157","SPOKANE INTERNATIONAL AIRPORT, WA US","47.6216","-117.528","717.2","2018-11-22","8.05",",,W","0.36",",,W,2400",,,"0.0",",,W","0.0",",,W","38","H,,S","47",",,W","33",",,W",,,"  220",",,W","  220",",,W","30.0",",,W","36.0",",,W","    1",",,W",,,,,,,,,,,,,,,,
"USW00024157","SPOKANE INTERNATIONAL AIRPORT, WA US","47.6216","-117.528","717.2","2018-11-23","10.96",",,W","0.35",",,W,2400",,,"0.6",",,W","0.0",",,W","40","H,,S","45",",,W","32",",,W",,,"  220",",,W","  210",",,W","23.0",",,W","31.1",",,W","    1",",,W",,,,,,,,,,,,,,,,
"USW00024157","SPOKANE INTERNATIONAL AIRPORT, WA US","47.6216","-117.528","717.2","2018-11-24","5.82",",,W","0.00","T,,W,2400",,,"0.0","T,,W","1.2",",,W","33","H,,S","34",",,W","30",",,W",,,"  270",",,W","  280",",,W","14.1",",,W","17.0",",,W","    1",",,W","    1",",,W",,,,,,,,,,,,,,
"USW00024157","SPOKANE INTERNATIONAL AIRPORT, WA US","47.6216","-117.528","717.2","2018-11-25","3.36",",,W","0.00",",,W,2400",,,"0.0",",,W","0.0",",,W","32","H,,S","37",",,W","27",",,W",,,"   80",",,W","   70",",,W","8.1",",,W","10.1",",,W","    1",",,W","    1",",,W",,,,,,,,,,,,,,
"USW00024157","SPOKANE INTERNATIONAL AIRPORT, WA US","47.6216","-117.528","717.2","2018-11-26","6.71",",,W","0.13",",,W,2400",,,"0.0",",,W","0.0",",,W","31","H,,S","39",",,W","29",",,W",,,"  130",",,W","  150",",,W","19.9",",,W","28.0",",,W","    1",",,W","    1",",,W",,,,,,,,,,,,,,
"USW00024157","SPOKANE INTERNATIONAL AIRPORT, WA US","47.6216","-117.528","717.2","2018-11-27","12.30",",,W","0.30",",,W,2400",,,"0.0",",,W","0.0",",,W","39","H,,S","45",",,W","38",",,W",,,"  160",",,W","  170",",,W","21.0",",,W","25.9",",,W","    1",",,W",,,,,,,,,,,,,,,,
"USW00024157","SPOKANE INTERNATIONAL AIRPORT, WA US","47.6216","-117.528","717.2","2018-11-28","6.49",",,W","0.13",",,W,2400",,,"0.0",",,W","0.0",",,W","42","H,,S","45",",,W","40",",,W",,,"  210",",,W","  220",",,W","14.1",",,W","17.0",",,W","    1",",,W",,,,,,,,,,,,,,,,
"USW00024157","SPOKANE INTERNATIONAL AIRPORT, WA US","47.6216","-117.528","717.2","2018-11-29","5.14",",,W","0.07",",,W,2400",,,"0.0",",,W","0.0",",,W","41","H,,S","44",",,W","36",",,W",,,"   50",",,W","   50",",,W","8.9",",,W","12.1",",,W","    1",",,W","    1",",,W",,,,,,,,,,,,,,
"USW00024157","SPOKANE INTERNATIONAL AIRPORT, WA US","47.6216","-117.528","717.2","2018-11-30","5.14",",,W","0.19",",,W,2400",,,"0.9",",,W","0.0",",,W","36","H,,S","37",",,W","33",",,W",,,"  240",",,W","  230",",,W","8.9",",,W","11.0",",,W","    1",",,W","    1",",,W",,,,,,,,,,,,,,
"USW00024157","SPOKANE INTERNATIONAL AIRPORT, WA US","47.6216","-117.528","717.2","2018-12-01","3.36",",,W","0.14",",,W,2400",,,"1.1",",,W","1.2",",,W","34","H,,S","38",",,W","29",",,W",,,"   60",",,W","   60",",,W","8.1",",,W","10.1",",,W","    1",",,W","    1",",,W",,,,,,,,,,,"    1",",,W",,
"USW00024157","SPOKANE INTERNATIONAL AIRPORT, WA US","47.6216","-117.528","717.2","2018-12-02","2.68",",,W","0.00","T,,W,2400",,,"0.0","T,,W","0.0","T,,W","33","H,,S","36",",,W","29",",,W",,,"  220",",,W","  220",",,W","8.9",",,W","10.1",",,W","    1",",,W","    1",",,W",,,,,,,,,,,,,,
"USW00024157","SPOKANE INTERNATIONAL AIRPORT, WA US","47.6216","-117.528","717.2","2018-12-03","2.01",",,W","0.00","T,,W,2400",,,"0.0","T,,W","0.0",",,W","31","H,,S","32",",,W","23",",,W",,,"   10",",,W","   10",",,W","8.1",",,W","8.9",",,W","    1",",,W","    1",",,W",,,,,,,,,,,,,,
"USW00024157","SPOKANE INTERNATIONAL AIRPORT, WA US","47.6216","-117.528","717.2","2018-12-04","2.91",",,W","0.00",",,W,2400",,,"0.0",",,W","0.0",",,W","26","H,,S","29",",,W","21",",,W",,,"   30",",,W","   40",",,W","8.1",",,W","8.9",",,W","    1",",,W","    1",",,W",,,,,,,,,,,,,,
"USW00024157","SPOKANE INTERNATIONAL AIRPORT, WA US","47.6216","-117.528","717.2","2018-12-05","5.14",",,W","0.00",",,W,2400",,,"0.0",",,W","0.0",",,W","27","H,,S","34",",,W","21",",,W",,,"   40",",,W","   40",",,W","12.1",",,W","14.1",",,W","    1",",,W","    1",",,W",,,,,,,,,,,,,,
"USW00024157","SPOKANE INTERNATIONAL AIRPORT, WA US","47.6216","-117.528","717.2","2018-12-06","3.80",",,W","0.00",",,W,2400",,,"0.0",",,W","0.0",",,W","24","H,,S","30",",,W","14",",,W",,,"   40",",,W","   40",",,W","8.9",",,W","12.1",",,W","    1",",,W",,,,,,,,,,,,,,,,
"USW00024157","SPOKANE INTERNATIONAL AIRPORT, WA US","47.6216","-117.528","717.2","2018-12-07","4.25",",,W","0.00",",,W,2400",,,"0.0",",,W","0.0",",,W","22","H,,S","29",",,W","15",",,W",,,"   40",",,W","   50",",,W","8.9",",,W","12.1",",,W","    1",",,W",,,,,,,,,,,,,,,,
"USW00024157","SPOKANE INTERNATIONAL AIRPORT, WA US","47.6216","-117.528","717.2","2018-12-08","3.80",",,W","0.00",",,W,2400",,,"0.0",",,W","0.0",",,W","23","H,,S","29",",,W","20",",,W",,,"   40",",,W","   40",",,W","8.9",",,W","10.1",",,W",,,,,,,,,,,,,,,,,,
"USW00024157","SPOKANE INTERNATIONAL AIRPORT, WA US","47.6216","-117.528","717.2","2018-12-09","6.49",",,W","0.01",",,W,2400",,,"0.1",",,W","0.0",",,W","30","H,,S","35",",,W","26",",,W",,,"   60",",,W","   60",",,W","10.1",",,W","12.1",",,W","    1",",,W",,,,,,,,,,,,,,,,
"USW00024157","SPOKANE INTERNATIONAL AIRPORT, WA US","47.6216","-117.528","717.2","2018-12-10","6.93",",,W","0.12",",,W,2400",,,"1.4",",,W","1.2",",,W","31","H,,S","33",",,W","27",",,W",,,"  210",",,W","  210",",,W","13.0",",,W","15.0",",,W","    1",",,W","    1",",,W",,,,,,,,,,,,,,
"USW00024157","SPOKANE INTERNATIONAL AIRPORT, WA US","47.6216","-117.528","717.2","2018-12-11","12.53",",,W","0.36",",,W,2400",,,"2.0",",,W","1.2",",,W","31","H,,S","40",",,W","28",",,W",,,"  240",",,W","  250",",,W","29.1",",,W","36.9",",,W","    1",",,W","    1",",,W",,,,,,,,,,,,,,
"USW00024157","SPOKANE INTERNATIONAL AIRPORT, WA US","47.6216","-117.528","717.2","2018-12-12","15.66",",,W","0.00","T,,W,2400",,,"0.0",",,W","0.0",",,W","36","H,,S","39",",,W","31",",,W",,,"  240",",,W","  240",",,W","30.0",",,W","36.0",",,W",,,,,,,,,,,,,,,,,,
"USW00024157","SPOKANE INTERNATIONAL AIRPORT, WA US","47.6216","-117.528","717.2","2018-12-13","14.99",",,W","0.15",",,W,2400",,,"1.2",",,W","0.0",",,W","35","H,,S","40",",,W","33",",,W",,,"  200",",,W","  200",",,W","23.9",",,W","30.0",",,W","    1",",,W",,,,,,,,,,,,,,,,
"USW00024157","SPOKANE INTERNATIONAL AIRPORT, WA US","47.6216","-117.528","717.2","2018-12-14","12.08",",,W","0.00","T,,W,2400",,,"0.0",",,W","0.0","T,,W","38","H,,S","45",",,W","30",",,W",,,"  200",",,W","  210",",,W","32.0",",,W","42.1",",,W",,,,,,,,,,,,,,,,,,
"USW00024157","SPOKANE INTERNATIONAL AIRPORT, WA US","47.6216","-117.528","717.2","2018-12-15","11.41",",,W","0.00","T,,W,2400",,,"0.0","T,,W","0.0",",,W","38","H,,S","40",",,W","33",",,W",,,"  220",",,W","  210",",,W","36.0",",,W","46.1",",,W",,,,,,,,,,,,,,,,,,
"USW00024157","SPOKANE INTERNATIONAL AIRPORT, WA US","47.6216","-117.528","717.2","2018-12-16","8.50",",,W","0.47",",,W,2400",,,"0.1",",,W","0.0",",,W","35","H,,S","42",",,W","33",",,W",,,"  140",",,W","  140",",,W","15.0",",,W","19.9",",,W","    1",",,W","    1",",,W",,,,,,,,,,,,,,
"USW00024157","SPOKANE INTERNATIONAL AIRPORT, WA US","47.6216","-117.528","717.2","2018-12-17","8.50",",,W","0.02",",,W,2400",,,"0.0","T,,W","0.0",",,W","40","H,,S","45",",,W","38",",,W",,,"  210",",,W","  210",",,W","17.0",",,W","21.9",",,W",,,,,,,,,,,,,,,,,,
"USW00024157","SPOKANE INTERNATIONAL AIRPORT, WA US","47.6216","-117.528","717.2","2018-12-18","20.58",",,W","0.60",",,W,2400",,,"0.0",",,W","0.0",",,W","42","H,,S","47",",,W","38",",,W",,,"  220",",,W","  220",",,W","36.0",",,W","42.9",",,W","    1",",,W",,,,,,,,,,,,,,,,
"USW00024157","SPOKANE INTERNATIONAL AIRPORT, WA US","47.6216","-117.528","717.2","2018-12-19","11.41",",,W","0.00",",,W,2400",,,"0.0",",,W","0.0",",,W","39","H,,S","40",",,W","34",",,W",,,"  230",",,W","  220",",,W","25.1",",,W","32.0",",,W",,,,,,,,,,,,,,,,,,
"USW00024157","SPOKANE INTERNATIONAL AIRPORT, WA US","47.6216","-117.528","717.2","2018-12-20","14.99",",,W","0.12",",,W,2400",,,"0.0",",,W","0.0",",,W","39","H,,S","47",",,W","35",",,W",,,"  220",",,W","  210",",,W","30.0",",,W","38.9",",,W","    1",",,W",,,,,,,,,,,,,,,,
"USW00024157","SPOKANE INTERNATIONAL AIRPORT, WA US","47.6216","-117.528","717.2","2018-12-21","13.42",",,W","0.00",",,W,2400",,,"0.0",",,W","0.0",",,W","36","H,,S","37",",,W","26",",,W",,,"  230",",,W","  230",",,W","28.0",",,W","34.0",",,W",,,,,,,,,,,,,,,,,,
"USW00024157","SPOKANE INTERNATIONAL AIRPORT, WA US","47.6216","-117.528","717.2","2018-12-22","6.04",",,W","0.00","T,,W,2400",,,"0.0","T,,W","0.0",",,W","28","H,,S","33",",,W","23",",,W",,,"   90",",,W","   90",",,W","12.1",",,W","15.0",",,W","    1",",,W",,,,,,,,,,,,,,,,
"USW00024157","SPOKANE INTERNATIONAL AIRPORT, WA US","47.6216","-117.528","717.2","2018-12-23","6.49",",,W","0.11",",,W,2400",,,"1.3",",,W","1.2",",,W","32","H,,S","36",",,W","30",",,W",,,"  150",",,W","  160",",,W","13.0",",,W","17.0",",,W","    1",",,W",,,,,,,,,,,,,,,,
"USW00024157","SPOKANE INTERNATIONAL AIRPORT, WA US","47.6216","-117.528","717.2","2018-12-24","3.58",",,W","0.01",",,W,2400",,,"0.0","T,,W","0.0",",,W","34","H,,S","35",",,W","30",",,W",,,"   40",",,W","   50",",,W","8.1",",,W","8.9",",,W","    1",",,W","    1",",,W",,,,,,,,,,,,,,
"USW00024157","SPOKANE INTERNATIONAL AIRPORT, WA US","47.6216","-117.528","717.2","2018-12-25","4.92",",,W","0.00","T,,W,2400",,,"0.0",",,W","0.0",",,W","30","H,,S","30",",,W","26",",,W",,,"  220",",,W","   30",",,W","10.1",",,W","12.1",",,W","    1",",,W","    1",",,W",,,,,,,"    1",",,W",,,,,,
"USW00024157","SPOKANE INTERNATIONAL AIRPORT, WA US","47.6216","-117.528","717.2","2018-12-26","4.25",",,W","0.23",",,W,2400",,,"2.8",",,W","0.0",",,W","29","H,,S","32",",,W","28",",,W",,,"   90",",,W","   60",",,W","8.9",",,W","13.0",",,W","    1",",,W",,,,,,,,,,,,,,,,
"USW00024157","SPOKANE INTERNATIONAL AIRPORT, WA US","47.6216","-117.528","717.2","2018-12-27","3.36",",,W","0.00","T,,W,2400",,,"0.0","T,,W","3.1",",,W","26","H,,S","28",",,W","21",",,W",,,"  250",",,W","  260",",,W","8.9",",,W","11.0",",,W","    1",",,W","    1",",,W",,,,,,,,,,,,,,
"USW00024157","SPOKANE INTERNATIONAL AIRPORT, WA US","47.6216","-117.528","717.2","2018-12-28","6.71",",,W","0.19",",,W,2400",,,"1.4",",,W","2.0",",,W","25","H,,S","31",",,W","23",",,W",,,"  150",",,W","  170",",,W","14.1",",,W","18.1",",,W","    1",",,W",,,,,,,,,,,,,,,,
"USW00024157","SPOKANE INTERNATIONAL AIRPORT, WA US","47.6216","-117.528","717.2","2018-12-29","19.91",",,W","0.07",",,W,2400",,,"0.2",",,W","3.9",",,W","33","H,,S","43",",,W","30",",,W",,,"  220",",,W","  220",",,W","36.0",",,W","47.0",",,W","    1",",,W",,,,,,,,,,,,,,,,
"USW00024157","SPOKANE INTERNATIONAL AIRPORT, WA US","47.6216","-117.528","717.2","2018-12-30","10.74",",,W","0.02",",,W,2400",,,"0.5",",,W","0.0",",,W","38","H,,S","40",",,W","26",",,W",,,"  240",",,W","  240",",,W","29.1",",,W","35.1",",,W","    1",",,W",,,,,,,,,,,,,,,,
"USW00024157","SPOKANE INTERNATIONAL AIRPORT, WA US","47.6216","-117.528","717.2","2018-12-31","4.70",",,W","0.00",",,W,2400",,,"0.0",",,W","0.0",",,W","29","H,,S","32",",,W","23",",,W",,,"   90",",,W","   90",",,W","12.1",",,W","16.1",",,W",,,,,,,,,,,,,,,,,,
