STATION,NAME,LATITUDE,LONGITUDE,ELEVATION,DATE,AWND,AWND_ATTRIBUTES,PRCP,PRCP_ATTRIBUTES,PSUN,PSUN_ATTRIBUTES,SNOW,SNOW_ATTRIBUTES,SNWD,SNWD_ATTRIBUTES,TAVG,TAVG_ATTRIBUTES,TMAX,TMAX_ATTRIBUTES,TMIN,TMIN_ATTRIBUTES,TSUN,TSUN_ATTRIBUTES,WDF2,WDF2_ATTRIBUTES,WDF5,WDF5_ATTRIBUTES,WSF2,WSF2_ATTRIBUTES,WSF5,WSF5_ATTRIBUTES,WT01,WT01_ATTRIBUTES,WT02,WT02_ATTRIBUTES,WT03,WT03_ATTRIBUTES,WT04,WT04_ATTRIBUTES,WT05,WT05_ATTRIBUTES,WT06,WT06_ATTRIBUTES,WT07,WT07_ATTRIBUTES,WT08,WT08_ATTRIBUTES,WT09,WT09_ATTRIBUTES
USW00024157,"SPOKANE INTERNATIONAL AIRPORT, WA US",47.6216,-117.528,717.2,1/1/18,5.14,",,W",0,"T,,W,2400",,,0,"T,,W",2,",,W",18,"H,,S",22,",,W",14,",,W",,,20,",,W",360,",,W",10.1,",,W",12.1,",,W",1,",,W",,,,,,,,,,,,,,,,
USW00024157,"SPOKANE INTERNATIONAL AIRPORT, WA US",47.6216,-117.528,717.2,1/2/18,7.38,",,W",0,",,W,2400",,,0,",,W",2,",,W",22,"H,,S",24,",,W",20,",,W",,,40,",,W",40,",,W",13,",,W",15,",,W",1,",,W",,,,,,,,,,,,,,,,
USW00024157,"SPOKANE INTERNATIONAL AIRPORT, WA US",47.6216,-117.528,717.2,1/3/18,6.71,",,W",0,",,W,2400",,,0,",,W",2,",,W",24,"H,,S",30,",,W",21,",,W",,,40,",,W",70,",,W",12.1,",,W",14.1,",,W",,,,,,,,,,,,,,,,,,
USW00024157,"SPOKANE INTERNATIONAL AIRPORT, WA US",47.6216,-117.528,717.2,1/4/18,6.93,",,W",0,"T,,W,2400",,,0,"T,,W",2,",,W",25,"H,,S",31,",,W",20,",,W",,,50,",,W",50,",,W",13,",,W",16.1,",,W",,,,,,,,,,,1,",,W",,,,,,
USW00024157,"SPOKANE INTERNATIONAL AIRPORT, WA US",47.6216,-117.528,717.2,1/5/18,7.38,",,W",0.04,",,W,2400",,,0,"T,,W",2,",,W",31,"H,,S",36,",,W",28,",,W",,,230,",,W",230,",,W",16.1,",,W",18.1,",,W",1,",,W",,,,,,,,,1,",,W",,,,,,
USW00024157,"SPOKANE INTERNATIONAL AIRPORT, WA US",47.6216,-117.528,717.2,1/6/18,6.71,",,W",0.04,",,W,2400",,,0,"T,,W",2,",,W",32,"H,,S",34,",,W",30,",,W",,,220,",,W",190,",,W",12.1,",,W",14.1,",,W",1,",,W",1,",,W",,,,,,,1,",,W",,,,,,
USW00024157,"SPOKANE INTERNATIONAL AIRPORT, WA US",47.6216,-117.528,717.2,1/7/18,4.7,",,W",0.06,",,W,2400",,,0.2,",,W",2,",,W",33,"H,,S",37,",,W",32,",,W",,,210,",,W",210,",,W",10.1,",,W",14.1,",,W",1,",,W",,,,,,,,,,,,,,,,
USW00024157,"SPOKANE INTERNATIONAL AIRPORT, WA US",47.6216,-117.528,717.2,1/8/18,5.37,",,W",0,"T,,W,2400",,,0,"T,,W",2,",,W",34,"H,,S",35,",,W",32,",,W",,,70,",,W",50,",,W",10.1,",,W",13,",,W",1,",,W",1,",,W",,,,,,,,,,,,,,
USW00024157,"SPOKANE INTERNATIONAL AIRPORT, WA US",47.6216,-117.528,717.2,1/9/18,8.05,",,W",0.33,",,W,2400",,,0,"T,,W",2,",,W",35,"H,,S",40,",,W",32,",,W",,,220,",,W",220,",,W",17,",,W",19.9,",,W",1,",,W",1,",,W",,,,,,,,,,,,,,
USW00024157,"SPOKANE INTERNATIONAL AIRPORT, WA US",47.6216,-117.528,717.2,1/10/18,13.2,",,W",0,"T,,W,2400",,,0,"T,,W",1.2,",,W",33,"H,,S",37,",,W",30,",,W",,,220,",,W",210,",,W",19.9,",,W",23,",,W",1,",,W",1,",,W",,,,,,,,,,,,,,
USW00024157,"SPOKANE INTERNATIONAL AIRPORT, WA US",47.6216,-117.528,717.2,1/11/18,4.7,",,W",0.7,",,W,2400",,,6.3,",,W",0,"T,,W",33,"H,,S",33,",,W",31,",,W",,,60,",,W",70,",,W",8.9,",,W",12.1,",,W",1,",,W",1,",,W",,,,,,,,,,,,,,
USW00024157,"SPOKANE INTERNATIONAL AIRPORT, WA US",47.6216,-117.528,717.2,1/12/18,3.58,",,W",0.01,",,W,2400",,,0.2,",,W",5.9,",,W",32,"H,,S",37,",,W",32,",,W",,,210,",,W",220,",,W",17,",,W",21,",,W",1,",,W",1,",,W",,,,,,,,,,,,,,
USW00024157,"SPOKANE INTERNATIONAL AIRPORT, WA US",47.6216,-117.528,717.2,1/13/18,5.59,",,W",0.03,",,W,2400",,,0,",,W",2,",,W",37,"H,,S",44,",,W",34,",,W",,,210,",,W",210,",,W",15,",,W",19.9,",,W",1,",,W",1,",,W",,,,,,,,,,,,,,
USW00024157,"SPOKANE INTERNATIONAL AIRPORT, WA US",47.6216,-117.528,717.2,1/14/18,7.61,",,W",0,",,W,2400",,,0,",,W",1.2,",,W",35,"H,,S",41,",,W",30,",,W",,,50,",,W",50,",,W",14.1,",,W",16.1,",,W",1,",,W",1,",,W",,,,,,,,,,,,,,
USW00024157,"SPOKANE INTERNATIONAL AIRPORT, WA US",47.6216,-117.528,717.2,1/15/18,8.5,",,W",0,",,W,2400",,,0,",,W",1.2,",,W",34,"H,,S",44,",,W",27,",,W",,,70,",,W",70,",,W",18.1,",,W",23,",,W",1,",,W",,,,,,,,,,,,,,,,
USW00024157,"SPOKANE INTERNATIONAL AIRPORT, WA US",47.6216,-117.528,717.2,1/16/18,5.37,",,W",0.09,",,W,2400",,,0,",,W",1.2,",,W",35,"H,,S",38,",,W",30,",,W",,,160,",,W",160,",,W",19.9,",,W",23.9,",,W",1,",,W",1,",,W",,,,,,,,,,,,,,
USW00024157,"SPOKANE INTERNATIONAL AIRPORT, WA US",47.6216,-117.528,717.2,1/17/18,6.71,",,W",0.03,",,W,2400",,,0,",,W",0,"T,,W",34,"H,,S",42,",,W",32,",,W",,,60,",,W",110,",,W",13,",,W",15,",,W",1,",,W",1,",,W",,,,,,,,,,,,,,
USW00024157,"SPOKANE INTERNATIONAL AIRPORT, WA US",47.6216,-117.528,717.2,1/18/18,11.86,",,W",0.33,",,W,2400",,,0,",,W",0,"T,,W",39,"H,,S",44,",,W",32,",,W",,,200,",,W",200,",,W",25.9,",,W",35.1,",,W",1,",,W",,,,,,,,,,,,,,,,
USW00024157,"SPOKANE INTERNATIONAL AIRPORT, WA US",47.6216,-117.528,717.2,1/19/18,9.62,",,W",0,",,W,2400",,,0,",,W",0,"T,,W",35,"H,,S",38,",,W",32,",,W",,,210,",,W",200,",,W",16.1,",,W",19.9,",,W",1,",,W",,,,,,,,,,,,,,,,
USW00024157,"SPOKANE INTERNATIONAL AIRPORT, WA US",47.6216,-117.528,717.2,1/20/18,9.17,",,W",0.01,",,W,2400",,,0.1,",,W",0,"T,,W",34,"H,,S",37,",,W",30,",,W",,,200,",,W",210,",,W",16.1,",,W",21.9,",,W",1,",,W",,,,,,,,,,,,,,,,
USW00024157,"SPOKANE INTERNATIONAL AIRPORT, WA US",47.6216,-117.528,717.2,1/21/18,10.96,",,W",0.05,",,W,2400",,,0,"T,,W",0,"T,,W",34,"H,,S",39,",,W",30,",,W",,,200,",,W",200,",,W",19.9,",,W",25.1,",,W",1,",,W",,,,,,,,,,,,,,,,
USW00024157,"SPOKANE INTERNATIONAL AIRPORT, WA US",47.6216,-117.528,717.2,1/22/18,11.18,",,W",0,",,W,2400",,,0,",,W",0,"T,,W",35,"H,,S",38,",,W",30,",,W",,,220,",,W",220,",,W",21.9,",,W",25.9,",,W",1,",,W",,,,,,,,,,,,,,,,
USW00024157,"SPOKANE INTERNATIONAL AIRPORT, WA US",47.6216,-117.528,717.2,1/23/18,6.71,",,W",0.33,",,W,2400",,,0.7,",,W",0,",,W",32,"H,,S",38,",,W",27,",,W",,,160,",,W",150,",,W",15,",,W",19.9,",,W",1,",,W",,,,,,,,,,,,,,,,
USW00024157,"SPOKANE INTERNATIONAL AIRPORT, WA US",47.6216,-117.528,717.2,1/24/18,11.63,",,W",0.33,",,W,2400",,,0,",,W",0,",,W",37,"H,,S",42,",,W",35,",,W",,,240,",,W",250,",,W",28,",,W",32,",,W",1,",,W",,,,,,,,,,,,,,,,
USW00024157,"SPOKANE INTERNATIONAL AIRPORT, WA US",47.6216,-117.528,717.2,1/25/18,10.51,",,W",0.04,",,W,2400",,,0.1,",,W",0,",,W",37,"H,,S",40,",,W",31,",,W",,,210,",,W",210,",,W",21,",,W",28,",,W",1,",,W",,,,,,,,,,,,,,,,
USW00024157,"SPOKANE INTERNATIONAL AIRPORT, WA US",47.6216,-117.528,717.2,1/26/18,13.2,",,W",0.01,",,W,2400",,,0.2,",,W",0,",,W",33,"H,,S",37,",,W",30,",,W",,,220,",,W",230,",,W",23,",,W",29.1,",,W",1,",,W",,,,,,,,,,,,,,,,
USW00024157,"SPOKANE INTERNATIONAL AIRPORT, WA US",47.6216,-117.528,717.2,1/27/18,13.2,",,W",0.04,",,W,2400",,,0.3,",,W",0,",,W",35,"H,,S",45,",,W",33,",,W",,,230,",,W",230,",,W",29.1,",,W",33.1,",,W",1,",,W",,,,,,,,,,,,,,,,
USW00024157,"SPOKANE INTERNATIONAL AIRPORT, WA US",47.6216,-117.528,717.2,1/28/18,5.37,",,W",0.01,",,W,2400",,,0,"T,,W",0,",,W",37,"H,,S",42,",,W",33,",,W",,,150,",,W",150,",,W",13,",,W",17,",,W",1,",,W",1,",,W",,,,,,,,,,,,,,
USW00024157,"SPOKANE INTERNATIONAL AIRPORT, WA US",47.6216,-117.528,717.2,1/29/18,12.97,",,W",0.07,",,W,2400",,,0,",,W",0,",,W",42,"H,,S",53,",,W",35,",,W",,,220,",,W",200,",,W",42.9,",,W",53,",,W",1,",,W",,,,,,,,,,,,,,,,
USW00024157,"SPOKANE INTERNATIONAL AIRPORT, WA US",47.6216,-117.528,717.2,1/30/18,16.11,",,W",0,"T,,W,2400",,,0,",,W",0,",,W",42,"H,,S",45,",,W",32,",,W",,,230,",,W",220,",,W",28,",,W",40,",,W",,,,,,,,,,,,,,,,,,
USW00024157,"SPOKANE INTERNATIONAL AIRPORT, WA US",47.6216,-117.528,717.2,1/31/18,7.61,",,W",0,",,W,2400",,,0,",,W",0,",,W",33,"H,,S",38,",,W",27,",,W",,,220,",,W",220,",,W",16.1,",,W",19.9,",,W",,,,,,,,,,,,,,,,,,
USW00024157,"SPOKANE INTERNATIONAL AIRPORT, WA US",47.6216,-117.528,717.2,2/1/18,6.71,",,W",0.18,",,W,2400",,,0.5,",,W",0,"T,,W",33,"H,,S",39,",,W",30,",,W",,,200,",,W",200,",,W",13,",,W",16.1,",,W",1,",,W",,,,,,,,,,,,,,,,
USW00024157,"SPOKANE INTERNATIONAL AIRPORT, WA US",47.6216,-117.528,717.2,2/2/18,7.61,",,W",0.2,",,W,2400",,,0,"T,,W",1.2,",,W",35,"H,,S",44,",,W",32,",,W",,,230,",,W",220,",,W",25.1,",,W",31.1,",,W",1,",,W",1,",,W",,,,,,,,,,,,,,
USW00024157,"SPOKANE INTERNATIONAL AIRPORT, WA US",47.6216,-117.528,717.2,2/3/18,17,",,W",0,"T,,W,2400",,,0,",,W",0,",,W",43,"H,,S",52,",,W",40,",,W",,,240,",,W",240,",,W",23.9,",,W",29.1,",,W",,,,,,,,,,,,,,,,,,
USW00024157,"SPOKANE INTERNATIONAL AIRPORT, WA US",47.6216,-117.528,717.2,2/4/18,15.88,",,W",0.06,",,W,2400",,,0,",,W",0,",,W",46,"H,,S",51,",,W",43,",,W",,,240,",,W",230,",,W",33.1,",,W",40.9,",,W",1,",,W",,,,,,,,,,,,,,,,
USW00024157,"SPOKANE INTERNATIONAL AIRPORT, WA US",47.6216,-117.528,717.2,2/5/18,8.5,",,W",0,"T,,W,2400",,,0,",,W",0,",,W",44,"H,,S",47,",,W",39,",,W",,,230,",,W",220,",,W",21,",,W",25.9,",,W",,,,,,,,,,,,,,,,,,
USW00024157,"SPOKANE INTERNATIONAL AIRPORT, WA US",47.6216,-117.528,717.2,2/6/18,8.28,",,W",0,"T,,W,2400",,,0,",,W",0,",,W",41,"H,,S",45,",,W",35,",,W",,,210,",,W",200,",,W",15,",,W",19,",,W",1,",,W",,,,,,,,,,,,,,,,
USW00024157,"SPOKANE INTERNATIONAL AIRPORT, WA US",47.6216,-117.528,717.2,2/7/18,11.86,",,W",0,"T,,W,2400",,,0,",,W",0,",,W",43,"H,,S",48,",,W",38,",,W",,,210,",,W",210,",,W",18.1,",,W",23,",,W",,,,,,,,,,,,,,,,,,
USW00024157,"SPOKANE INTERNATIONAL AIRPORT, WA US",47.6216,-117.528,717.2,2/8/18,17.67,",,W",0,",,W,2400",,,0,",,W",0,",,W",47,"H,,S",56,",,W",34,",,W",,,240,",,W",200,",,W",31.1,",,W",36.9,",,W",,,,,,,,,,,,,,,,,,
USW00024157,"SPOKANE INTERNATIONAL AIRPORT, WA US",47.6216,-117.528,717.2,2/9/18,6.04,",,W",0,",,W,2400",,,0,",,W",0,",,W",38,"H,,S",41,",,W",26,",,W",,,290,",,W",290,",,W",15,",,W",18.1,",,W",,,,,,,,,,,,,,,,,,
USW00024157,"SPOKANE INTERNATIONAL AIRPORT, WA US",47.6216,-117.528,717.2,2/10/18,6.71,",,W",0,",,W,2400",,,0,",,W",0,",,W",28,"H,,S",36,",,W",20,",,W",,,240,",,W",230,",,W",17,",,W",19.9,",,W",,,,,,,,,,,,,,,,,,
USW00024157,"SPOKANE INTERNATIONAL AIRPORT, WA US",47.6216,-117.528,717.2,2/11/18,10.07,",,W",0,",,W,2400",,,0,",,W",0,",,W",28,"H,,S",37,",,W",23,",,W",,,30,",,W",30,",,W",17,",,W",21.9,",,W",,,,,,,,,,,,,,,,,,
USW00024157,"SPOKANE INTERNATIONAL AIRPORT, WA US",47.6216,-117.528,717.2,2/12/18,9.84,",,W",0,",,W,2400",,,0,",,W",0,",,W",25,"H,,S",33,",,W",18,",,W",,,20,",,W",20,",,W",21,",,W",23.9,",,W",,,,,,,,,,,,,,,,,,
USW00024157,"SPOKANE INTERNATIONAL AIRPORT, WA US",47.6216,-117.528,717.2,2/13/18,6.04,",,W",0,",,W,2400",,,0,",,W",0,",,W",26,"H,,S",39,",,W",19,",,W",,,150,",,W",150,",,W",13,",,W",16.1,",,W",,,,,,,,,,,,,,,,,,
USW00024157,"SPOKANE INTERNATIONAL AIRPORT, WA US",47.6216,-117.528,717.2,2/14/18,6.26,",,W",0.57,",,W,2400",,,7.3,",,W",3.1,",,W",32,"H,,S",33,",,W",22,",,W",,,230,",,W",230,",,W",17,",,W",19,",,W",1,",,W",,,,,,,,,,,,,1,",,W",,
USW00024157,"SPOKANE INTERNATIONAL AIRPORT, WA US",47.6216,-117.528,717.2,2/15/18,7.16,",,W",0,",,W,2400",,,0,",,W",5.1,",,W",24,"H,,S",32,",,W",11,",,W",,,240,",,W",240,",,W",16.1,",,W",17,",,W",1,",,W",,,,,,,,,,,,,,,,
USW00024157,"SPOKANE INTERNATIONAL AIRPORT, WA US",47.6216,-117.528,717.2,2/16/18,13.42,",,W",0.17,",,W,2400",,,0.8,",,W",3.9,",,W",30,"H,,S",38,",,W",26,",,W",,,220,",,W",220,",,W",31.1,",,W",36.9,",,W",1,",,W",,,1,",,W",,,1,",,W",,,,,,,1,",,W"
USW00024157,"SPOKANE INTERNATIONAL AIRPORT, WA US",47.6216,-117.528,717.2,2/17/18,12.75,",,W",0.3,",,W,2400",,,1.9,",,W",3.1,",,W",33,"H,,S",41,",,W",30,",,W",,,240,",,W",250,",,W",36.9,",,W",49,",,W",1,",,W",,,,,,,1,",,W",,,,,,,,
USW00024157,"SPOKANE INTERNATIONAL AIRPORT, WA US",47.6216,-117.528,717.2,2/18/18,14.09,",,W",0,"T,,W,2400",,,0.2,",,W",3.1,",,W",29,"H,,S",33,",,W",13,",,W",,,40,",,W",40,",,W",23,",,W",28,",,W",1,",,W",,,,,,,,,,,,,,,,
USW00024157,"SPOKANE INTERNATIONAL AIRPORT, WA US",47.6216,-117.528,717.2,2/19/18,8.72,",,W",0,",,W,2400",,,0,",,W",3.1,",,W",14,"H,,S",20,",,W",6,",,W",,,30,",,W",30,",,W",17,",,W",21.9,",,W",,,,,,,,,,,,,,,,,,
USW00024157,"SPOKANE INTERNATIONAL AIRPORT, WA US",47.6216,-117.528,717.2,2/20/18,5.14,",,W",0,"T,,W,2400",,,0,"T,,W",3.1,",,W",13,"H,,S",21,",,W",8,",,W",,,140,",,W",140,",,W",12.1,",,W",14.1,",,W",,,,,,,,,,,,,,,1,",,W",,
USW00024157,"SPOKANE INTERNATIONAL AIRPORT, WA US",47.6216,-117.528,717.2,2/21/18,3.58,",,W",0,"T,,W,2400",,,0,"T,,W",2,",,W",13,"H,,S",24,",,W",4,",,W",,,140,",,W",140,",,W",8.9,",,W",12.1,",,W",1,",,W",,,,,,,,,,,,,,,,
USW00024157,"SPOKANE INTERNATIONAL AIRPORT, WA US",47.6216,-117.528,717.2,2/22/18,7.83,",,W",0,"T,,W,2400",,,0,"T,,W",2,",,W",19,"H,,S",27,",,W",12,",,W",,,40,",,W",10,",,W",14.1,",,W",18.1,",,W",1,",,W",,,,,,,,,,,,,1,",,W",,
USW00024157,"SPOKANE INTERNATIONAL AIRPORT, WA US",47.6216,-117.528,717.2,2/23/18,10.51,",,W",0.05,",,W,2400",,,0.3,",,W",2,",,W",18,"H,,S",26,",,W",7,",,W",,,210,",,W",210,",,W",21,",,W",25.1,",,W",1,",,W",,,,,,,,,,,,,,,1,",,W"
USW00024157,"SPOKANE INTERNATIONAL AIRPORT, WA US",47.6216,-117.528,717.2,2/24/18,8.28,",,W",0.07,",,W,2400",,,0.9,",,W",3.1,",,W",24,"H,,S",30,",,W",21,",,W",,,200,",,W",200,",,W",17,",,W",23.9,",,W",1,",,W",,,,,,,,,,,,,,,,
USW00024157,"SPOKANE INTERNATIONAL AIRPORT, WA US",47.6216,-117.528,717.2,2/25/18,22.37,",,W",0,",,W,2400",,,0,",,W",3.1,",,W",30,"H,,S",39,",,W",25,",,W",,,220,",,W",210,",,W",40,",,W",52.1,",,W",,,,,,,,,,,,,,,,,1,",,W"
USW00024157,"SPOKANE INTERNATIONAL AIRPORT, WA US",47.6216,-117.528,717.2,2/26/18,7.61,",,W",0,",,W,2400",,,0,",,W",2,",,W",28,"H,,S",36,",,W",19,",,W",,,220,",,W",220,",,W",17,",,W",19.9,",,W",1,",,W",,,,,,,,,,,,,,,,
USW00024157,"SPOKANE INTERNATIONAL AIRPORT, WA US",47.6216,-117.528,717.2,2/27/18,14.32,",,W",0,"T,,W,2400",,,0.1,",,W",2,",,W",28,"H,,S",35,",,W",22,",,W",,,220,",,W",200,",,W",23,",,W",29.1,",,W",1,",,W",,,,,,,,,,,,,,,,
USW00024157,"SPOKANE INTERNATIONAL AIRPORT, WA US",47.6216,-117.528,717.2,2/28/18,7.83,",,W",0,",,W,2400",,,0,",,W",1.2,",,W",32,"H,,S",39,",,W",27,",,W",,,200,",,W",,,14.1,",,W",,,,,,,,,,,,,,,,,,,,
USW00024157,"SPOKANE INTERNATIONAL AIRPORT, WA US",47.6216,-117.528,717.2,3/1/18,9.4,",,W",0.18,",,W,2400",,,0.9,",,W",1.2,",,W",36,"H,,S",39,",,W",32,",,W",,,130,",,W",150,",,W",14.1,",,W",19.9,",,W",1,",,W",1,",,W",,,,,,,,,,,,,,
USW00024157,"SPOKANE INTERNATIONAL AIRPORT, WA US",47.6216,-117.528,717.2,3/2/18,8.5,",,W",0.1,",,W,2400",,,1.3,",,W",1.2,",,W",34,"H,,S",36,",,W",30,",,W",,,200,",,W",200,",,W",21,",,W",29.1,",,W",1,",,W",1,",,W",,,1,",,W",,,1,",,W",,,,,,
USW00024157,"SPOKANE INTERNATIONAL AIRPORT, WA US",47.6216,-117.528,717.2,3/3/18,2.91,",,W",0,",,W,2400",,,0,",,W",2,",,W",31,"H,,S",43,",,W",21,",,W",,,140,",,W",150,",,W",10.1,",,W",13,",,W",1,",,W",1,",,W",,,,,,,,,,,,,,
USW00024157,"SPOKANE INTERNATIONAL AIRPORT, WA US",47.6216,-117.528,717.2,3/4/18,5.37,",,W",0,"T,,W,2400",,,0,"T,,W",1.2,",,W",29,"H,,S",37,",,W",22,",,W",,,220,",,W",160,",,W",10.1,",,W",12.1,",,W",1,",,W",,,,,,,,,,,,,,,,
USW00024157,"SPOKANE INTERNATIONAL AIRPORT, WA US",47.6216,-117.528,717.2,3/5/18,8.05,",,W",0,"T,,W,2400",,,0,"T,,W",1.2,",,W",33,"H,,S",39,",,W",27,",,W",,,260,",,W",220,",,W",15,",,W",17,",,W",,,,,,,,,,,,,,,,,,
USW00024157,"SPOKANE INTERNATIONAL AIRPORT, WA US",47.6216,-117.528,717.2,3/6/18,4.03,",,W",0,",,W,2400",,,0,",,W",0,"T,,W",35,"H,,S",42,",,W",30,",,W",,,160,",,W",150,",,W",8.9,",,W",12.1,",,W",,,,,,,,,,,,,,,,,,
USW00024157,"SPOKANE INTERNATIONAL AIRPORT, WA US",47.6216,-117.528,717.2,3/7/18,5.37,",,W",0,",,W,2400",,,0,",,W",0,"T,,W",33,"H,,S",47,",,W",25,",,W",,,40,",,W",40,",,W",12.1,",,W",14.1,",,W",,,,,,,,,,,,,,,,,,
USW00024157,"SPOKANE INTERNATIONAL AIRPORT, WA US",47.6216,-117.528,717.2,3/8/18,10.96,",,W",0.16,",,W,2400",,,0,",,W",0,",,W",40,"H,,S",47,",,W",34,",,W",,,220,",,W",220,",,W",30,",,W",38,",,W",1,",,W",,,,,,,,,,,,,,,,
USW00024157,"SPOKANE INTERNATIONAL AIRPORT, WA US",47.6216,-117.528,717.2,3/9/18,17.22,",,W",0,"T,,W,2400",,,0,"T,,W",0,",,W",42,"H,,S",45,",,W",30,",,W",,,260,",,W",270,",,W",31.1,",,W",36.9,",,W",,,,,,,,,,,,,,,,,,
USW00024157,"SPOKANE INTERNATIONAL AIRPORT, WA US",47.6216,-117.528,717.2,3/10/18,6.04,",,W",0,",,W,2400",,,0,",,W",0,",,W",35,"H,,S",49,",,W",26,",,W",,,50,",,W",50,",,W",15,",,W",17,",,W",,,,,,,,,,,,,,,,,,
USW00024157,"SPOKANE INTERNATIONAL AIRPORT, WA US",47.6216,-117.528,717.2,3/11/18,5.82,",,W",0,",,W,2400",,,0,",,W",0,",,W",38,"H,,S",55,",,W",29,",,W",,,70,",,W",50,",,W",10.1,",,W",13,",,W",,,,,,,,,,,,,,,,,,
USW00024157,"SPOKANE INTERNATIONAL AIRPORT, WA US",47.6216,-117.528,717.2,3/12/18,9.17,",,W",0,",,W,2400",,,0,",,W",0,",,W",43,"H,,S",59,",,W",32,",,W",,,70,",,W",80,",,W",15,",,W",19,",,W",,,,,,,,,,,,,,,,,,
USW00024157,"SPOKANE INTERNATIONAL AIRPORT, WA US",47.6216,-117.528,717.2,3/13/18,12.3,",,W",0.01,",,W,2400",,,0,",,W",0,",,W",48,"H,,S",63,",,W",38,",,W",,,70,",,W",70,",,W",19.9,",,W",23.9,",,W",,,,,,,,,,,,,,,,,,
USW00024157,"SPOKANE INTERNATIONAL AIRPORT, WA US",47.6216,-117.528,717.2,3/14/18,7.16,",,W",0.19,",,W,2400",,,0,",,W",0,",,W",47,"H,,S",45,",,W",37,",,W",,,210,",,W",220,",,W",19.9,",,W",23.9,",,W",1,",,W",,,,,,,,,,,,,,,,
USW00024157,"SPOKANE INTERNATIONAL AIRPORT, WA US",47.6216,-117.528,717.2,3/15/18,5.59,",,W",0,",,W,2400",,,0,",,W",0,",,W",39,"H,,S",42,",,W",33,",,W",,,230,",,W",230,",,W",15,",,W",17,",,W",,,,,,,,,,,,,,,,,,
USW00024157,"SPOKANE INTERNATIONAL AIRPORT, WA US",47.6216,-117.528,717.2,3/16/18,4.92,",,W",0,",,W,2400",,,0,",,W",0,",,W",38,"H,,S",53,",,W",29,",,W",,,220,",,W",220,",,W",21,",,W",23.9,",,W",1,",,W",,,,,,,,,,,,,1,",,W",,
USW00024157,"SPOKANE INTERNATIONAL AIRPORT, WA US",47.6216,-117.528,717.2,3/17/18,3.36,",,W",0.16,",,W,2400",,,0,",,W",0,",,W",39,"H,,S",48,",,W",33,",,W",,,210,",,W",190,",,W",13,",,W",21.9,",,W",1,",,W",,,,,,,,,,,,,,,,
USW00024157,"SPOKANE INTERNATIONAL AIRPORT, WA US",47.6216,-117.528,717.2,3/18/18,12.75,",,W",0.01,",,W,2400",,,0,",,W",0,",,W",40,"H,,S",48,",,W",34,",,W",,,220,",,W",220,",,W",19.9,",,W",23.9,",,W",,,,,,,,,,,,,,,,,,
USW00024157,"SPOKANE INTERNATIONAL AIRPORT, WA US",47.6216,-117.528,717.2,3/19/18,8.05,",,W",0,",,W,2400",,,0,",,W",0,",,W",40,"H,,S",50,",,W",30,",,W",,,220,",,W",220,",,W",18.1,",,W",23,",,W",,,,,,,,,,,,,,,,,,
USW00024157,"SPOKANE INTERNATIONAL AIRPORT, WA US",47.6216,-117.528,717.2,3/20/18,8.95,",,W",0,",,W,2400",,,0,",,W",0,",,W",40,"H,,S",51,",,W",31,",,W",,,240,",,W",210,",,W",19.9,",,W",28,",,W",,,,,,,,,,,,,,,,,,
USW00024157,"SPOKANE INTERNATIONAL AIRPORT, WA US",47.6216,-117.528,717.2,3/21/18,8.28,",,W",0,"T,,W,2400",,,0,",,W",0,",,W",41,"H,,S",52,",,W",32,",,W",,,70,",,W",130,",,W",15,",,W",19,",,W",,,,,,,,,,,,,,,,,,
USW00024157,"SPOKANE INTERNATIONAL AIRPORT, WA US",47.6216,-117.528,717.2,3/22/18,12.53,",,W",0.22,",,W,2400",,,0,",,W",0,",,W",47,"H,,S",53,",,W",33,",,W",,,220,",,W",210,",,W",36,",,W",46.1,",,W",1,",,W",,,1,",,W",,,,,,,,,1,",,W",,
USW00024157,"SPOKANE INTERNATIONAL AIRPORT, WA US",47.6216,-117.528,717.2,3/23/18,11.86,",,W",0,"T,,W,2400",,,0,"T,,W",0,",,W",38,"H,,S",47,",,W",29,",,W",,,220,",,W",200,",,W",31.1,",,W",38.9,",,W",1,",,W",,,,,,,,,,,,,,,,
USW00024157,"SPOKANE INTERNATIONAL AIRPORT, WA US",47.6216,-117.528,717.2,3/24/18,12.97,",,W",0.26,",,W,2400",,,2.7,",,W",1.2,",,W",36,"H,,S",44,",,W",31,",,W",,,220,",,W",220,",,W",32,",,W",38.9,",,W",1,",,W",,,,,,,,,,,,,,,,
USW00024157,"SPOKANE INTERNATIONAL AIRPORT, WA US",47.6216,-117.528,717.2,3/25/18,8.28,",,W",0.01,",,W,2400",,,0,"T,,W",0,",,W",36,"H,,S",45,",,W",28,",,W",,,250,",,W",,,18.1,",,W",,,,,,,,,,,,,,,,,,,,
USW00024157,"SPOKANE INTERNATIONAL AIRPORT, WA US",47.6216,-117.528,717.2,3/26/18,14.54,",,W",0,"T,,W,2400",,,0,",,W",0,",,W",36,"H,,S",41,",,W",28,",,W",,,230,",,W",240,",,W",23.9,",,W",27.1,",,W",,,,,,,,,,,,,,,,,,
USW00024157,"SPOKANE INTERNATIONAL AIRPORT, WA US",47.6216,-117.528,717.2,3/27/18,18.34,",,W",0,",,W,2400",,,0,",,W",0,",,W",41,"H,,S",56,",,W",37,",,W",,,240,",,W",240,",,W",31.1,",,W",42.1,",,W",,,,,,,,,,,,,,,,,,
USW00024157,"SPOKANE INTERNATIONAL AIRPORT, WA US",47.6216,-117.528,717.2,3/28/18,10.51,",,W",0,",,W,2400",,,0,",,W",0,",,W",44,"H,,S",55,",,W",33,",,W",,,260,",,W",240,",,W",21.9,",,W",34,",,W",,,,,,,,,,,,,,,,,,
USW00024157,"SPOKANE INTERNATIONAL AIRPORT, WA US",47.6216,-117.528,717.2,3/29/18,9.62,",,W",0,"T,,W,2400",,,0,",,W",0,",,W",41,"H,,S",53,",,W",29,",,W",,,220,",,W",220,",,W",18.1,",,W",23,",,W",,,,,,,,,,,,,,,,,,
USW00024157,"SPOKANE INTERNATIONAL AIRPORT, WA US",47.6216,-117.528,717.2,3/30/18,13.87,",,W",0,",,W,2400",,,0,",,W",0,",,W",47,"H,,S",60,",,W",39,",,W",,,220,",,W",210,",,W",28,",,W",33.1,",,W",,,,,,,,,,,,,,,,,,
USW00024157,"SPOKANE INTERNATIONAL AIRPORT, WA US",47.6216,-117.528,717.2,3/31/18,6.71,",,W",0,",,W,2400",,,0,",,W",0,",,W",45,"H,,S",50,",,W",33,",,W",,,350,",,W",350,",,W",14.1,",,W",17,",,W",,,,,,,,,,,,,,,,,,
USW00024157,"SPOKANE INTERNATIONAL AIRPORT, WA US",47.6216,-117.528,717.2,4/1/18,15.66,",,W",0,"T,,W,2400",,,0,"T,,W",0,",,W",40,"H,,S",48,",,W",32,",,W",,,220,",,W",230,",,W",30,",,W",36.9,",,W",1,",,W",,,,,,,,,,,,,,,,
USW00024157,"SPOKANE INTERNATIONAL AIRPORT, WA US",47.6216,-117.528,717.2,4/2/18,11.41,",,W",0,"T,,W,2400",,,0,",,W",0,",,W",36,"H,,S",44,",,W",27,",,W",,,290,",,W",220,",,W",21,",,W",25.9,",,W",,,,,,,,,,,,,,,,,,
USW00024157,"SPOKANE INTERNATIONAL AIRPORT, WA US",47.6216,-117.528,717.2,4/3/18,8.28,",,W",0,",,W,2400",,,0,",,W",0,",,W",37,"H,,S",46,",,W",29,",,W",,,200,",,W",210,",,W",18.1,",,W",25.1,",,W",,,,,,,,,,,,,,,,,,
USW00024157,"SPOKANE INTERNATIONAL AIRPORT, WA US",47.6216,-117.528,717.2,4/4/18,7.61,",,W",0.08,",,W,2400",,,0,",,W",0,",,W",41,"H,,S",45,",,W",35,",,W",,,220,",,W",230,",,W",15,",,W",19,",,W",1,",,W",,,,,,,,,,,,,,,,
USW00024157,"SPOKANE INTERNATIONAL AIRPORT, WA US",47.6216,-117.528,717.2,4/5/18,7.61,",,W",0.45,",,W,2400",,,0,",,W",0,",,W",42,"H,,S",46,",,W",39,",,W",,,60,",,W",60,",,W",13,",,W",14.1,",,W",1,",,W",1,",,W",,,,,,,,,,,,,,
USW00024157,"SPOKANE INTERNATIONAL AIRPORT, WA US",47.6216,-117.528,717.2,4/6/18,11.86,",,W",0,"T,,W,2400",,,0,",,W",0,",,W",41,"H,,S",47,",,W",34,",,W",,,70,",,W",70,",,W",18.1,",,W",23,",,W",1,",,W",,,,,,,,,,,,,,,,
USW00024157,"SPOKANE INTERNATIONAL AIRPORT, WA US",47.6216,-117.528,717.2,4/7/18,12.53,",,W",0.38,",,W,2400",,,0,",,W",0,",,W",41,"H,,S",53,",,W",36,",,W",,,200,",,W",210,",,W",23,",,W",29.1,",,W",1,",,W",,,1,",,W",,,,,,,,,,,,
USW00024157,"SPOKANE INTERNATIONAL AIRPORT, WA US",47.6216,-117.528,717.2,4/8/18,17.9,",,W",0,"T,,W,2400",,,0,",,W",0,",,W",46,"H,,S",51,",,W",41,",,W",,,230,",,W",230,",,W",28,",,W",34,",,W",1,",,W",,,,,,,,,,,,,,,,
USW00024157,"SPOKANE INTERNATIONAL AIRPORT, WA US",47.6216,-117.528,717.2,4/9/18,8.5,",,W",0,",,W,2400",,,0,",,W",0,",,W",45,"H,,S",56,",,W",38,",,W",,,200,",,W",190,",,W",18.1,",,W",23,",,W",,,,,,,,,,,,,,,,,,
USW00024157,"SPOKANE INTERNATIONAL AIRPORT, WA US",47.6216,-117.528,717.2,4/10/18,9.17,",,W",0.13,",,W,2400",,,0,",,W",0,",,W",47,"H,,S",54,",,W",40,",,W",,,230,",,W",260,",,W",19.9,",,W",23,",,W",1,",,W",,,,,,,,,,,,,,,,
USW00024157,"SPOKANE INTERNATIONAL AIRPORT, WA US",47.6216,-117.528,717.2,4/11/18,9.62,",,W",0.08,",,W,2400",,,0,",,W",0,",,W",46,"H,,S",55,",,W",39,",,W",,,220,",,W",220,",,W",21,",,W",25.1,",,W",1,",,W",,,,,,,,,,,,,,,,
USW00024157,"SPOKANE INTERNATIONAL AIRPORT, WA US",47.6216,-117.528,717.2,4/12/18,19.91,",,W",0.31,",,W,2400",,,0,"T,,W",0,",,W",43,"H,,S",51,",,W",35,",,W",,,240,",,W",240,",,W",33.1,",,W",42.9,",,W",1,",,W",,,,,,,1,",,W",,,,,,,,
USW00024157,"SPOKANE INTERNATIONAL AIRPORT, WA US",47.6216,-117.528,717.2,4/13/18,12.75,",,W",0.07,",,W,2400",,,0,",,W",0,",,W",40,"H,,S",45,",,W",32,",,W",,,200,",,W",200,",,W",21.9,",,W",28,",,W",1,",,W",,,,,,,,,,,,,,,,
USW00024157,"SPOKANE INTERNATIONAL AIRPORT, WA US",47.6216,-117.528,717.2,4/14/18,12.53,",,W",0,"T,,W,2400",,,0,",,W",0,",,W",45,"H,,S",52,",,W",41,",,W",,,200,",,W",210,",,W",21,",,W",27.1,",,W",,,,,,,,,,,,,,,,,,
USW00024157,"SPOKANE INTERNATIONAL AIRPORT, WA US",47.6216,-117.528,717.2,4/15/18,9.17,",,W",0.39,",,W,2400",,,0,",,W",0,",,W",47,"H,,S",56,",,W",42,",,W",,,280,",,W",270,",,W",17,",,W",19.9,",,W",1,",,W",,,,,,,,,,,,,,,,
USW00024157,"SPOKANE INTERNATIONAL AIRPORT, WA US",47.6216,-117.528,717.2,4/16/18,17.67,",,W",0.07,",,W,2400",,,0,"T,,W",0,",,W",45,"H,,S",48,",,W",36,",,W",,,220,",,W",230,",,W",32,",,W",36.9,",,W",1,",,W",,,,,,,,,,,,,,,,
USW00024157,"SPOKANE INTERNATIONAL AIRPORT, WA US",47.6216,-117.528,717.2,4/17/18,18.34,",,W",0,"T,,W,2400",,,0,"T,,W",0,",,W",42,"H,,S",52,",,W",36,",,W",,,250,",,W",250,",,W",32,",,W",38.9,",,W",1,",,W",,,,,,,,,,,,,,,,
USW00024157,"SPOKANE INTERNATIONAL AIRPORT, WA US",47.6216,-117.528,717.2,4/18/18,6.93,",,W",0,",,W,2400",,,0,",,W",0,",,W",42,"H,,S",55,",,W",32,",,W",,,20,",,W",30,",,W",14.1,",,W",17,",,W",,,,,,,,,,,,,,,,,,
USW00024157,"SPOKANE INTERNATIONAL AIRPORT, WA US",47.6216,-117.528,717.2,4/19/18,7.38,",,W",0,",,W,2400",,,0,",,W",0,",,W",47,"H,,S",62,",,W",33,",,W",,,260,",,W",260,",,W",16.1,",,W",19,",,W",,,,,,,,,,,,,,,,,,
USW00024157,"SPOKANE INTERNATIONAL AIRPORT, WA US",47.6216,-117.528,717.2,4/20/18,9.62,",,W",0,"T,,W,2400",,,0,",,W",0,",,W",50,"H,,S",61,",,W",38,",,W",,,230,",,W",230,",,W",17,",,W",21,",,W",,,,,,,,,,,,,,,,,,
USW00024157,"SPOKANE INTERNATIONAL AIRPORT, WA US",47.6216,-117.528,717.2,4/21/18,18.34,",,W",0,"T,,W,2400",,,0,",,W",0,",,W",54,"H,,S",58,",,W",38,",,W",,,240,",,W",230,",,W",35.1,",,W",42.1,",,W",,,,,,,,,,,,,,,,,,
USW00024157,"SPOKANE INTERNATIONAL AIRPORT, WA US",47.6216,-117.528,717.2,4/22/18,4.03,",,W",0,",,W,2400",,,0,",,W",0,",,W",44,"H,,S",56,",,W",32,",,W",,,20,",,W",20,",,W",13,",,W",15,",,W",,,,,,,,,,,,,,,,,,
USW00024157,"SPOKANE INTERNATIONAL AIRPORT, WA US",47.6216,-117.528,717.2,4/23/18,6.26,",,W",0,",,W,2400",,,0,",,W",0,",,W",48,"H,,S",64,",,W",34,",,W",,,40,",,W",40,",,W",16.1,",,W",21.9,",,W",,,,,,,,,,,,,,,,,,
USW00024157,"SPOKANE INTERNATIONAL AIRPORT, WA US",47.6216,-117.528,717.2,4/24/18,5.37,",,W",0,",,W,2400",,,0,",,W",0,",,W",54,"H,,S",71,",,W",41,",,W",,,140,",,W",90,",,W",14.1,",,W",18.1,",,W",,,,,,,,,,,,,,,,,,
USW00024157,"SPOKANE INTERNATIONAL AIRPORT, WA US",47.6216,-117.528,717.2,4/25/18,3.8,",,W",0,",,W,2400",,,0,",,W",0,",,W",58,"H,,S",73,",,W",45,",,W",,,250,",,W",270,",,W",14.1,",,W",17,",,W",,,,,,,,,,,,,,,,,,
USW00024157,"SPOKANE INTERNATIONAL AIRPORT, WA US",47.6216,-117.528,717.2,4/26/18,4.25,",,W",0,",,W,2400",,,0,",,W",0,",,W",60,"H,,S",76,",,W",44,",,W",,,60,",,W",60,",,W",13,",,W",15,",,W",,,,,,,,,,,,,,,,,,
USW00024157,"SPOKANE INTERNATIONAL AIRPORT, WA US",47.6216,-117.528,717.2,4/27/18,9.62,",,W",0,",,W,2400",,,0,",,W",0,",,W",63,"H,,S",83,",,W",48,",,W",,,210,",,W",200,",,W",28,",,W",35.1,",,W",,,,,,,,,,,,,1,",,W",1,",,W",,
USW00024157,"SPOKANE INTERNATIONAL AIRPORT, WA US",47.6216,-117.528,717.2,4/28/18,8.72,",,W",0.06,",,W,2400",,,0,",,W",0,",,W",54,"H,,S",57,",,W",43,",,W",,,190,",,W",200,",,W",21.9,",,W",28,",,W",1,",,W",,,,,,,,,,,,,,,,
USW00024157,"SPOKANE INTERNATIONAL AIRPORT, WA US",47.6216,-117.528,717.2,4/29/18,8.95,",,W",0,"T,,W,2400",,,0,",,W",0,",,W",49,"H,,S",60,",,W",40,",,W",,,250,",,W",250,",,W",18.1,",,W",23,",,W",,,,,,,,,,,,,,,,,,
USW00024157,"SPOKANE INTERNATIONAL AIRPORT, WA US",47.6216,-117.528,717.2,4/30/18,7.38,",,W",0.01,",,W,2400",,,0,",,W",0,",,W",49,"H,,S",59,",,W",41,",,W",,,280,",,W",280,",,W",19.9,",,W",21.9,",,W",,,,,,,,,,,,,,,,,,
USW00024157,"SPOKANE INTERNATIONAL AIRPORT, WA US",47.6216,-117.528,717.2,5/1/18,6.93,",,W",0.04,",,W,2400",,,0,",,W",0,",,W",50,"H,,S",58,",,W",42,",,W",,,230,",,W",230,",,W",17,",,W",19,",,W",,,,,,,,,,,,,,,,,,
USW00024157,"SPOKANE INTERNATIONAL AIRPORT, WA US",47.6216,-117.528,717.2,5/2/18,9.17,",,W",0,",,W,2400",,,0,",,W",0,",,W",51,"H,,S",70,",,W",40,",,W",,,250,",,W",230,",,W",18.1,",,W",25.9,",,W",,,,,,,,,,,,,,,,,,
USW00024157,"SPOKANE INTERNATIONAL AIRPORT, WA US",47.6216,-117.528,717.2,5/3/18,8.28,",,W",0,",,W,2400",,,0,",,W",0,",,W",59,"H,,S",73,",,W",46,",,W",,,230,",,W",230,",,W",18.1,",,W",25.1,",,W",,,,,,,,,,,,,,,,,,
USW00024157,"SPOKANE INTERNATIONAL AIRPORT, WA US",47.6216,-117.528,717.2,5/4/18,9.4,",,W",0,",,W,2400",,,0,",,W",0,",,W",62,"H,,S",75,",,W",51,",,W",,,240,",,W",240,",,W",21,",,W",25.9,",,W",,,,,,,,,,,,,,,,,,
USW00024157,"SPOKANE INTERNATIONAL AIRPORT, WA US",47.6216,-117.528,717.2,5/5/18,6.71,",,W",0,"T,,W,2400",,,0,",,W",0,",,W",63,"H,,S",73,",,W",54,",,W",,,210,",,W",210,",,W",14.1,",,W",16.1,",,W",,,,,,,,,,,,,,,,,,
USW00024157,"SPOKANE INTERNATIONAL AIRPORT, WA US",47.6216,-117.528,717.2,5/6/18,8.95,",,W",0.17,",,W,2400",,,0,",,W",0,",,W",65,"H,,S",79,",,W",52,",,W",,,220,",,W",230,",,W",38,",,W",42.1,",,W",1,",,W",,,,,,,,,,,,,,,,
USW00024157,"SPOKANE INTERNATIONAL AIRPORT, WA US",47.6216,-117.528,717.2,5/7/18,6.49,",,W",0.21,",,W,2400",,,0,",,W",0,",,W",58,"H,,S",67,",,W",54,",,W",,,240,",,W",150,",,W",12.1,",,W",13,",,W",1,",,W",,,,,,,,,,,,,,,,
USW00024157,"SPOKANE INTERNATIONAL AIRPORT, WA US",47.6216,-117.528,717.2,5/8/18,4.92,",,W",0,",,W,2400",,,0,",,W",0,",,W",62,"H,,S",76,",,W",51,",,W",,,240,",,W",240,",,W",21.9,",,W",27.1,",,W",,,,,,,,,,,,,,,,,,
USW00024157,"SPOKANE INTERNATIONAL AIRPORT, WA US",47.6216,-117.528,717.2,5/9/18,11.41,",,W",0,"T,,W,2400",,,0,",,W",0,",,W",63,"H,,S",64,",,W",49,",,W",,,230,",,W",240,",,W",23.9,",,W",30,",,W",,,,,,,,,,,,,,,,,,
USW00024157,"SPOKANE INTERNATIONAL AIRPORT, WA US",47.6216,-117.528,717.2,5/10/18,10.74,",,W",0,"T,,W,2400",,,0,",,W",0,",,W",55,"H,,S",61,",,W",45,",,W",,,270,",,W",190,",,W",23.9,",,W",30,",,W",,,,,,,,,,,,,,,,,,
USW00024157,"SPOKANE INTERNATIONAL AIRPORT, WA US",47.6216,-117.528,717.2,5/11/18,3.8,",,W",0.02,",,W,2400",,,0,",,W",0,",,W",50,"H,,S",64,",,W",42,",,W",,,80,",,W",90,",,W",21,",,W",29.1,",,W",1,",,W",,,,,,,,,,,,,,,,
USW00024157,"SPOKANE INTERNATIONAL AIRPORT, WA US",47.6216,-117.528,717.2,5/12/18,6.71,",,W",0,",,W,2400",,,0,",,W",0,",,W",57,"H,,S",77,",,W",43,",,W",,,20,",,W",30,",,W",21,",,W",28,",,W",1,",,W",,,,,,,,,,,,,,,,
USW00024157,"SPOKANE INTERNATIONAL AIRPORT, WA US",47.6216,-117.528,717.2,5/13/18,5.37,",,W",0,",,W,2400",,,0,",,W",0,",,W",65,"H,,S",83,",,W",51,",,W",,,20,",,W",50,",,W",17,",,W",21,",,W",,,,,,,,,,,,,,,,,,
USW00024157,"SPOKANE INTERNATIONAL AIRPORT, WA US",47.6216,-117.528,717.2,5/14/18,3.58,",,W",0,",,W,2400",,,0,",,W",0,",,W",69,"H,,S",84,",,W",54,",,W",,,330,",,W",310,",,W",10.1,",,W",12.1,",,W",,,,,,,,,,,,,,,1,",,W",,
USW00024157,"SPOKANE INTERNATIONAL AIRPORT, WA US",47.6216,-117.528,717.2,5/15/18,3.58,",,W",0,",,W,2400",,,0,",,W",0,",,W",70,"H,,S",85,",,W",55,",,W",,,230,",,W",290,",,W",12.1,",,W",13,",,W",,,,,,,,,,,,,,,,,,
USW00024157,"SPOKANE INTERNATIONAL AIRPORT, WA US",47.6216,-117.528,717.2,5/16/18,10.51,",,W",0,"T,,W,2400",,,0,",,W",0,",,W",69,"H,,S",72,",,W",59,",,W",,,230,",,W",240,",,W",21.9,",,W",25.9,",,W",,,,,,,,,,,,,,,,,,
USW00024157,"SPOKANE INTERNATIONAL AIRPORT, WA US",47.6216,-117.528,717.2,5/17/18,6.93,",,W",0.64,",,W,2400",,,0,",,W",0,",,W",60,"H,,S",63,",,W",54,",,W",,,20,",,W",340,",,W",13,",,W",17,",,W",1,",,W",,,,,,,,,,,,,,,,
USW00024157,"SPOKANE INTERNATIONAL AIRPORT, WA US",47.6216,-117.528,717.2,5/18/18,6.71,",,W",0.32,",,W,2400",,,0,",,W",0,",,W",55,"H,,S",58,",,W",50,",,W",,,70,",,W",30,",,W",13,",,W",17,",,W",1,",,W",,,,,,,,,,,,,,,,
USW00024157,"SPOKANE INTERNATIONAL AIRPORT, WA US",47.6216,-117.528,717.2,5/19/18,5.37,",,W",0,"T,,W,2400",,,0,",,W",0,",,W",58,"H,,S",71,",,W",51,",,W",,,70,",,W",70,",,W",13,",,W",15,",,W",,,,,,,,,,,,,,,,,,
USW00024157,"SPOKANE INTERNATIONAL AIRPORT, WA US",47.6216,-117.528,717.2,5/20/18,5.37,",,W",0,",,W,2400",,,0,",,W",0,",,W",62,"H,,S",75,",,W",51,",,W",,,280,",,W",280,",,W",12.1,",,W",14.1,",,W",,,,,,,,,,,,,,,,,,
USW00024157,"SPOKANE INTERNATIONAL AIRPORT, WA US",47.6216,-117.528,717.2,5/21/18,6.04,",,W",0,",,W,2400",,,0,",,W",0,",,W",65,"H,,S",77,",,W",57,",,W",,,240,",,W",240,",,W",14.1,",,W",17,",,W",,,,,,,,,,,,,,,,,,
USW00024157,"SPOKANE INTERNATIONAL AIRPORT, WA US",47.6216,-117.528,717.2,5/22/18,5.82,",,W",0,",,W,2400",,,0,",,W",0,",,W",68,"H,,S",84,",,W",55,",,W",,,330,",,W",340,",,W",15,",,W",23.9,",,W",,,,,,,,,,,,,,,,,,
USW00024157,"SPOKANE INTERNATIONAL AIRPORT, WA US",47.6216,-117.528,717.2,5/23/18,6.71,",,W",0.05,",,W,2400",,,0,",,W",0,",,W",72,"H,,S",84,",,W",58,",,W",,,80,",,W",90,",,W",21,",,W",25.1,",,W",,,,,1,",,W",,,,,,,,,,,,
USW00024157,"SPOKANE INTERNATIONAL AIRPORT, WA US",47.6216,-117.528,717.2,5/24/18,8.95,",,W",0,",,W,2400",,,0,",,W",0,",,W",66,"H,,S",79,",,W",57,",,W",,,220,",,W",250,",,W",18.1,",,W",23,",,W",,,,,,,,,,,,,,,,,,
USW00024157,"SPOKANE INTERNATIONAL AIRPORT, WA US",47.6216,-117.528,717.2,5/25/18,7.83,",,W",0,",,W,2400",,,0,",,W",0,",,W",70,"H,,S",80,",,W",59,",,W",,,200,",,W",200,",,W",15,",,W",19,",,W",,,,,,,,,,,,,,,,,,
USW00024157,"SPOKANE INTERNATIONAL AIRPORT, WA US",47.6216,-117.528,717.2,5/26/18,13.65,",,W",0,"T,,W,2400",,,0,",,W",0,",,W",65,"H,,S",76,",,W",54,",,W",,,240,",,W",210,",,W",21,",,W",30,",,W",,,,,,,,,,,,,,,,,,
USW00024157,"SPOKANE INTERNATIONAL AIRPORT, WA US",47.6216,-117.528,717.2,5/27/18,6.93,",,W",0,",,W,2400",,,0,",,W",0,",,W",61,"H,,S",76,",,W",47,",,W",,,270,",,W",280,",,W",13,",,W",17,",,W",,,,,,,,,,,,,,,,,,
USW00024157,"SPOKANE INTERNATIONAL AIRPORT, WA US",47.6216,-117.528,717.2,5/28/18,10.51,",,W",0,",,W,2400",,,0,",,W",0,",,W",67,"H,,S",81,",,W",54,",,W",,,250,",,W",240,",,W",19.9,",,W",23.9,",,W",,,,,,,,,,,,,,,,,,
USW00024157,"SPOKANE INTERNATIONAL AIRPORT, WA US",47.6216,-117.528,717.2,5/29/18,11.63,",,W",0,",,W,2400",,,0,",,W",0,",,W",63,"H,,S",71,",,W",49,",,W",,,260,",,W",250,",,W",19.9,",,W",23.9,",,W",,,,,,,,,,,,,,,,,,
USW00024157,"SPOKANE INTERNATIONAL AIRPORT, WA US",47.6216,-117.528,717.2,5/30/18,6.49,",,W",0,",,W,2400",,,0,",,W",0,",,W",57,"H,,S",66,",,W",43,",,W",,,200,",,W",220,",,W",17,",,W",23,",,W",,,,,,,,,,,,,,,,,,
USW00024157,"SPOKANE INTERNATIONAL AIRPORT, WA US",47.6216,-117.528,717.2,5/31/18,9.4,",,W",0,"T,,W,2400",,,0,",,W",0,",,W",57,"H,,S",64,",,W",47,",,W",,,240,",,W",210,",,W",23,",,W",28,",,W",,,,,,,,,,,,,,,,,,
USW00024157,"SPOKANE INTERNATIONAL AIRPORT, WA US",47.6216,-117.528,717.2,6/1/18,11.86,",,W",0,"T,,W,2400",,,0,",,W",0,",,W",54,"H,,S",65,",,W",45,",,W",,,210,",,W",220,",,W",19.9,",,W",25.9,",,W",,,,,,,,,,,,,,,,,,
USW00024157,"SPOKANE INTERNATIONAL AIRPORT, WA US",47.6216,-117.528,717.2,6/2/18,4.7,",,W",0,",,W,2400",,,0,",,W",0,",,W",59,"H,,S",76,",,W",47,",,W",,,220,",,W",220,",,W",14.1,",,W",18.1,",,W",,,,,,,,,,,,,,,,,,
USW00024157,"SPOKANE INTERNATIONAL AIRPORT, WA US",47.6216,-117.528,717.2,6/3/18,9.62,",,W",0,"T,,W,2400",,,0,",,W",0,",,W",67,"H,,S",84,",,W",54,",,W",,,250,",,W",260,",,W",25.9,",,W",33.1,",,W",,,,,,,,,,,,,,,,,,
USW00024157,"SPOKANE INTERNATIONAL AIRPORT, WA US",47.6216,-117.528,717.2,6/4/18,13.87,",,W",0,",,W,2400",,,0,",,W",0,",,W",64,"H,,S",69,",,W",53,",,W",,,260,",,W",240,",,W",25.1,",,W",30,",,W",,,,,,,,,,,,,,,,,,
USW00024157,"SPOKANE INTERNATIONAL AIRPORT, WA US",47.6216,-117.528,717.2,6/5/18,9.84,",,W",0,",,W,2400",,,0,",,W",0,",,W",59,"H,,S",69,",,W",46,",,W",,,220,",,W",220,",,W",21,",,W",25.9,",,W",,,,,,,,,,,,,,,,,,
USW00024157,"SPOKANE INTERNATIONAL AIRPORT, WA US",47.6216,-117.528,717.2,6/6/18,4.7,",,W",0,",,W,2400",,,0,",,W",0,",,W",62,"H,,S",76,",,W",49,",,W",,,70,",,W",70,",,W",10.1,",,W",14.1,",,W",,,,,,,,,,,,,,,,,,
USW00024157,"SPOKANE INTERNATIONAL AIRPORT, WA US",47.6216,-117.528,717.2,6/7/18,6.49,",,W",0,",,W,2400",,,0,",,W",0,",,W",67,"H,,S",81,",,W",54,",,W",,,270,",,W",280,",,W",17,",,W",19.9,",,W",,,,,,,,,,,,,,,,,,
USW00024157,"SPOKANE INTERNATIONAL AIRPORT, WA US",47.6216,-117.528,717.2,6/8/18,8.28,",,W",0.05,",,W,2400",,,0,",,W",0,",,W",67,"H,,S",78,",,W",51,",,W",,,200,",,W",190,",,W",19.9,",,W",25.1,",,W",,,,,1,",,W",,,,,,,,,,,,
USW00024157,"SPOKANE INTERNATIONAL AIRPORT, WA US",47.6216,-117.528,717.2,6/9/18,12.08,",,W",0.22,",,W,2400",,,0,",,W",0,",,W",60,"H,,S",59,",,W",47,",,W",,,210,",,W",210,",,W",25.1,",,W",30,",,W",1,",,W",,,1,",,W",,,,,,,,,,,,
USW00024157,"SPOKANE INTERNATIONAL AIRPORT, WA US",47.6216,-117.528,717.2,6/10/18,17,",,W",0,"T,,W,2400",,,0,",,W",0,",,W",50,"H,,S",61,",,W",42,",,W",,,220,",,W",230,",,W",31.1,",,W",40,",,W",,,,,1,",,W",,,,,,,,,,,,
USW00024157,"SPOKANE INTERNATIONAL AIRPORT, WA US",47.6216,-117.528,717.2,6/11/18,12.08,",,W",0,",,W,2400",,,0,",,W",0,",,W",51,"H,,S",66,",,W",39,",,W",,,230,",,W",250,",,W",25.1,",,W",33.1,",,W",,,,,,,,,,,,,,,,,,
USW00024157,"SPOKANE INTERNATIONAL AIRPORT, WA US",47.6216,-117.528,717.2,6/12/18,4.92,",,W",0,",,W,2400",,,0,",,W",0,",,W",56,"H,,S",69,",,W",41,",,W",,,260,",,W",180,",,W",14.1,",,W",18.1,",,W",,,,,,,,,,,,,,,,,,
USW00024157,"SPOKANE INTERNATIONAL AIRPORT, WA US",47.6216,-117.528,717.2,6/13/18,13.87,",,W",0,"T,,W,2400",,,0,",,W",0,",,W",63,"H,,S",76,",,W",51,",,W",,,230,",,W",230,",,W",31.1,",,W",38.9,",,W",,,,,,,,,,,,,,,,,,
USW00024157,"SPOKANE INTERNATIONAL AIRPORT, WA US",47.6216,-117.528,717.2,6/14/18,10.07,",,W",0,",,W,2400",,,0,",,W",0,",,W",58,"H,,S",69,",,W",46,",,W",,,210,",,W",190,",,W",19.9,",,W",27.1,",,W",,,,,,,,,,,,,,,,,,
USW00024157,"SPOKANE INTERNATIONAL AIRPORT, WA US",47.6216,-117.528,717.2,6/15/18,4.92,",,W",0.01,",,W,2400",,,0,",,W",0,",,W",60,"H,,S",74,",,W",48,",,W",,,330,",,W",330,",,W",17,",,W",23,",,W",,,,,,,,,,,,,,,,,,
USW00024157,"SPOKANE INTERNATIONAL AIRPORT, WA US",47.6216,-117.528,717.2,6/16/18,7.16,",,W",0.01,",,W,2400",,,0,",,W",0,",,W",59,"H,,S",71,",,W",49,",,W",,,40,",,W",50,",,W",18.1,",,W",25.9,",,W",,,,,1,",,W",,,,,,,,,,,,
USW00024157,"SPOKANE INTERNATIONAL AIRPORT, WA US",47.6216,-117.528,717.2,6/17/18,14.54,",,W",0,",,W,2400",,,0,",,W",0,",,W",67,"H,,S",76,",,W",57,",,W",,,70,",,W",50,",,W",25.1,",,W",32,",,W",,,,,,,,,,,,,,,,,,
USW00024157,"SPOKANE INTERNATIONAL AIRPORT, WA US",47.6216,-117.528,717.2,6/18/18,6.71,",,W",0.01,",,W,2400",,,0,",,W",0,",,W",67,"H,,S",72,",,W",58,",,W",,,70,",,W",80,",,W",18.1,",,W",21.9,",,W",,,,,,,,,,,,,,,,,,
USW00024157,"SPOKANE INTERNATIONAL AIRPORT, WA US",47.6216,-117.528,717.2,6/19/18,5.37,",,W",0,",,W,2400",,,0,",,W",0,",,W",65,"H,,S",80,",,W",56,",,W",,,60,",,W",80,",,W",13,",,W",23,",,W",,,,,,,,,,,,,,,,,,
USW00024157,"SPOKANE INTERNATIONAL AIRPORT, WA US",47.6216,-117.528,717.2,6/20/18,5.59,",,W",0,",,W,2400",,,0,",,W",0,",,W",71,"H,,S",84,",,W",58,",,W",,,240,",,W",170,",,W",13,",,W",16.1,",,W",,,,,,,,,,,,,,,,,,
USW00024157,"SPOKANE INTERNATIONAL AIRPORT, WA US",47.6216,-117.528,717.2,6/21/18,11.41,",,W",0.25,",,W,2400",,,0,",,W",0,",,W",71,"H,,S",80,",,W",60,",,W",,,330,",,W",330,",,W",28,",,W",34,",,W",1,",,W",,,1,",,W",,,,,,,,,,,,
USW00024157,"SPOKANE INTERNATIONAL AIRPORT, WA US",47.6216,-117.528,717.2,6/22/18,10.29,",,W",0,",,W,2400",,,0,",,W",0,",,W",66,"H,,S",80,",,W",57,",,W",,,360,",,W",330,",,W",25.9,",,W",32,",,W",1,",,W",,,1,",,W",,,,,,,,,,,,
USW00024157,"SPOKANE INTERNATIONAL AIRPORT, WA US",47.6216,-117.528,717.2,6/23/18,6.93,",,W",0,",,W,2400",,,0,",,W",0,",,W",63,"H,,S",75,",,W",51,",,W",,,240,",,W",250,",,W",17,",,W",23.9,",,W",,,,,,,,,,,,,,,,,,
USW00024157,"SPOKANE INTERNATIONAL AIRPORT, WA US",47.6216,-117.528,717.2,6/24/18,4.92,",,W",0,",,W,2400",,,0,",,W",0,",,W",68,"H,,S",82,",,W",55,",,W",,,150,",,W",150,",,W",13,",,W",17,",,W",,,,,,,,,,,,,,,,,,
USW00024157,"SPOKANE INTERNATIONAL AIRPORT, WA US",47.6216,-117.528,717.2,6/25/18,16.78,",,W",0,",,W,2400",,,0,",,W",0,",,W",72,"H,,S",76,",,W",52,",,W",,,220,",,W",230,",,W",28,",,W",35.1,",,W",,,,,,,,,,,,,,,,,,
USW00024157,"SPOKANE INTERNATIONAL AIRPORT, WA US",47.6216,-117.528,717.2,6/26/18,10.07,",,W",0,",,W,2400",,,0,",,W",0,",,W",60,"H,,S",72,",,W",46,",,W",,,220,",,W",240,",,W",19.9,",,W",29.1,",,W",,,,,,,,,,,,,,,,,,
USW00024157,"SPOKANE INTERNATIONAL AIRPORT, WA US",47.6216,-117.528,717.2,6/27/18,8.05,",,W",0,",,W,2400",,,0,",,W",0,",,W",64,"H,,S",79,",,W",50,",,W",,,240,",,W",230,",,W",17,",,W",21.9,",,W",,,,,,,,,,,,,,,,,,
USW00024157,"SPOKANE INTERNATIONAL AIRPORT, WA US",47.6216,-117.528,717.2,6/28/18,9.84,",,W",0,",,W,2400",,,0,",,W",0,",,W",65,"H,,S",72,",,W",57,",,W",,,220,",,W",240,",,W",21.9,",,W",28,",,W",,,,,,,,,,,,,,,,,,
USW00024157,"SPOKANE INTERNATIONAL AIRPORT, WA US",47.6216,-117.528,717.2,6/29/18,9.4,",,W",0,"T,,W,2400",,,0,",,W",0,",,W",63,"H,,S",74,",,W",52,",,W",,,220,",,W",220,",,W",19.9,",,W",23.9,",,W",,,,,,,,,,,,,,,,,,
USW00024157,"SPOKANE INTERNATIONAL AIRPORT, WA US",47.6216,-117.528,717.2,6/30/18,10.29,",,W",0,"T,,W,2400",0,",,W",0,",,W",0,",,W",64,"H,,S",72,",,W",53,",,W",0,",,W",250,",,W",220,",,W",21.9,",,W",31.1,",,W",,,,,,,,,,,,,,,,,,
USW00024157,"SPOKANE INTERNATIONAL AIRPORT, WA US",47.6216,-117.528,717.2,7/1/18,13.87,",,W",0,",,W,2400",,,0,",,W",0,",,W",62,"H,,S",75,",,W",50,",,W",,,220,",,W",220,",,W",25.1,",,W",31.1,",,W",,,,,,,,,,,,,,,,,,
USW00024157,"SPOKANE INTERNATIONAL AIRPORT, WA US",47.6216,-117.528,717.2,7/2/18,12.97,",,W",0,"T,,W,2400",,,0,",,W",0,",,W",61,"H,,S",68,",,W",50,",,W",,,230,",,W",250,",,W",28,",,W",34,",,W",,,,,,,,,,,,,,,,,,
USW00024157,"SPOKANE INTERNATIONAL AIRPORT, WA US",47.6216,-117.528,717.2,7/3/18,6.49,",,W",0,",,W,2400",,,0,",,W",0,",,W",57,"H,,S",68,",,W",48,",,W",,,220,",,W",220,",,W",17,",,W",21,",,W",,,,,,,,,,,,,,,,,,
USW00024157,"SPOKANE INTERNATIONAL AIRPORT, WA US",47.6216,-117.528,717.2,7/4/18,8.5,",,W",0,",,W,2400",,,0,",,W",0,",,W",62,"H,,S",81,",,W",49,",,W",,,40,",,W",50,",,W",16.1,",,W",23,",,W",,,,,,,,,,,,,,,,,,
USW00024157,"SPOKANE INTERNATIONAL AIRPORT, WA US",47.6216,-117.528,717.2,7/5/18,7.61,",,W",0,"T,,W,2400",,,0,",,W",0,",,W",74,"H,,S",89,",,W",62,",,W",,,50,",,W",40,",,W",21,",,W",23,",,W",,,,,,,,,,,,,,,,,,
USW00024157,"SPOKANE INTERNATIONAL AIRPORT, WA US",47.6216,-117.528,717.2,7/6/18,11.41,",,W",0.03,",,W,2400",,,0,",,W",0,",,W",76,"H,,S",86,",,W",62,",,W",,,300,",,W",300,",,W",25.9,",,W",34,",,W",,,,,1,",,W",,,,,,,,,,,,
USW00024157,"SPOKANE INTERNATIONAL AIRPORT, WA US",47.6216,-117.528,717.2,7/7/18,10.51,",,W",0,",,W,2400",,,0,",,W",0,",,W",70,"H,,S",79,",,W",58,",,W",,,250,",,W",250,",,W",19.9,",,W",25.9,",,W",,,,,,,,,,,,,,,,,,
USW00024157,"SPOKANE INTERNATIONAL AIRPORT, WA US",47.6216,-117.528,717.2,7/8/18,5.37,",,W",0,",,W,2400",,,0,",,W",0,",,W",69,"H,,S",85,",,W",53,",,W",,,20,",,W",30,",,W",13,",,W",16.1,",,W",,,,,,,,,,,,,,,,,,
USW00024157,"SPOKANE INTERNATIONAL AIRPORT, WA US",47.6216,-117.528,717.2,7/9/18,6.04,",,W",0,",,W,2400",,,0,",,W",0,",,W",75,"H,,S",91,",,W",59,",,W",,,230,",,W",220,",,W",16.1,",,W",18.1,",,W",,,,,,,,,,,,,,,,,,
USW00024157,"SPOKANE INTERNATIONAL AIRPORT, WA US",47.6216,-117.528,717.2,7/10/18,12.97,",,W",0.01,",,W,2400",,,0,",,W",0,",,W",72,"H,,S",78,",,W",57,",,W",,,210,",,W",210,",,W",23,",,W",31.1,",,W",,,,,1,",,W",,,,,,,,,,,,
USW00024157,"SPOKANE INTERNATIONAL AIRPORT, WA US",47.6216,-117.528,717.2,7/11/18,3.13,",,W",0,",,W,2400",,,0,",,W",0,",,W",69,"H,,S",84,",,W",55,",,W",,,300,",,W",310,",,W",13,",,W",17,",,W",,,,,,,,,,,,,,,,,,
USW00024157,"SPOKANE INTERNATIONAL AIRPORT, WA US",47.6216,-117.528,717.2,7/12/18,3.8,",,W",0,",,W,2400",,,0,",,W",0,",,W",74,"H,,S",89,",,W",59,",,W",,,270,",,W",30,",,W",12.1,",,W",16.1,",,W",,,,,,,,,,,,,,,,,,
USW00024157,"SPOKANE INTERNATIONAL AIRPORT, WA US",47.6216,-117.528,717.2,7/13/18,10.74,",,W",0,",,W,2400",,,0,",,W",0,",,W",79,"H,,S",95,",,W",63,",,W",,,230,",,W",230,",,W",23.9,",,W",30,",,W",,,,,,,,,,,,,,,,,,
USW00024157,"SPOKANE INTERNATIONAL AIRPORT, WA US",47.6216,-117.528,717.2,7/14/18,7.38,",,W",0,",,W,2400",,,0,",,W",0,",,W",80,"H,,S",88,",,W",63,",,W",,,350,",,W",340,",,W",18.1,",,W",21.9,",,W",,,,,,,,,,,,,,,,,,
USW00024157,"SPOKANE INTERNATIONAL AIRPORT, WA US",47.6216,-117.528,717.2,7/15/18,4.25,",,W",0,",,W,2400",,,0,",,W",0,",,W",74,"H,,S",92,",,W",55,",,W",,,320,",,W",330,",,W",12.1,",,W",18.1,",,W",,,,,,,,,,,,,,,,,,
USW00024157,"SPOKANE INTERNATIONAL AIRPORT, WA US",47.6216,-117.528,717.2,7/16/18,5.37,",,W",0,",,W,2400",,,0,",,W",0,",,W",79,"H,,S",96,",,W",61,",,W",,,170,",,W",160,",,W",14.1,",,W",18.1,",,W",,,,,,,,,,,,,,,,,,
USW00024157,"SPOKANE INTERNATIONAL AIRPORT, WA US",47.6216,-117.528,717.2,7/17/18,8.5,",,W",0,",,W,2400",,,0,",,W",0,",,W",80,"H,,S",96,",,W",65,",,W",,,220,",,W",210,",,W",18.1,",,W",23,",,W",,,,,,,,,,,,,,,,,,
USW00024157,"SPOKANE INTERNATIONAL AIRPORT, WA US",47.6216,-117.528,717.2,7/18/18,11.18,",,W",0,",,W,2400",,,0,",,W",0,",,W",79,"H,,S",89,",,W",66,",,W",,,220,",,W",210,",,W",21,",,W",27.1,",,W",,,,,,,,,,,,,,,,,,
USW00024157,"SPOKANE INTERNATIONAL AIRPORT, WA US",47.6216,-117.528,717.2,7/19/18,10.96,",,W",0,",,W,2400",,,0,",,W",0,",,W",75,"H,,S",86,",,W",58,",,W",,,220,",,W",220,",,W",23,",,W",29.1,",,W",,,,,,,,,,,,,,,,,,
USW00024157,"SPOKANE INTERNATIONAL AIRPORT, WA US",47.6216,-117.528,717.2,7/20/18,11.18,",,W",0,",,W,2400",,,0,",,W",0,",,W",71,"H,,S",81,",,W",56,",,W",,,230,",,W",220,",,W",19.9,",,W",25.1,",,W",,,,,,,,,,,,,,,1,",,W",,
USW00024157,"SPOKANE INTERNATIONAL AIRPORT, WA US",47.6216,-117.528,717.2,7/21/18,9.17,",,W",0,",,W,2400",,,0,",,W",0,",,W",68,"H,,S",81,",,W",53,",,W",,,230,",,W",230,",,W",21,",,W",27.1,",,W",,,,,,,,,,,,,,,1,",,W",,
USW00024157,"SPOKANE INTERNATIONAL AIRPORT, WA US",47.6216,-117.528,717.2,7/22/18,4.03,",,W",0,",,W,2400",,,0,",,W",0,",,W",70,"H,,S",85,",,W",56,",,W",,,250,",,W",220,",,W",12.1,",,W",16.1,",,W",,,,,,,,,,,,,,,,,,
USW00024157,"SPOKANE INTERNATIONAL AIRPORT, WA US",47.6216,-117.528,717.2,7/23/18,3.13,",,W",0,",,W,2400",,,0,",,W",0,",,W",74,"H,,S",90,",,W",59,",,W",,,220,",,W",220,",,W",12.1,",,W",15,",,W",,,,,,,,,,,,,,,,,,
USW00024157,"SPOKANE INTERNATIONAL AIRPORT, WA US",47.6216,-117.528,717.2,7/24/18,6.49,",,W",0,",,W,2400",,,0,",,W",0,",,W",79,"H,,S",93,",,W",61,",,W",,,240,",,W",240,",,W",19.9,",,W",23.9,",,W",,,,,,,,,,,,,,,,,,
USW00024157,"SPOKANE INTERNATIONAL AIRPORT, WA US",47.6216,-117.528,717.2,7/25/18,5.14,",,W",0,",,W,2400",,,0,",,W",0,",,W",80,"H,,S",94,",,W",63,",,W",,,280,",,W",280,",,W",14.1,",,W",19.9,",,W",,,,,,,,,,,,,,,,,,
USW00024157,"SPOKANE INTERNATIONAL AIRPORT, WA US",47.6216,-117.528,717.2,7/26/18,5.37,",,W",0,",,W,2400",,,0,",,W",0,",,W",80,"H,,S",94,",,W",64,",,W",,,20,",,W",310,",,W",13,",,W",15,",,W",,,,,,,,,,,,,,,,,,
USW00024157,"SPOKANE INTERNATIONAL AIRPORT, WA US",47.6216,-117.528,717.2,7/27/18,5.82,",,W",0.02,",,W,2400",,,0,",,W",0,",,W",79,"H,,S",90,",,W",67,",,W",,,360,",,W",360,",,W",19.9,",,W",21,",,W",,,,,,,,,,,,,,,,,,
USW00024157,"SPOKANE INTERNATIONAL AIRPORT, WA US",47.6216,-117.528,717.2,7/28/18,5.37,",,W",0,"T,,W,2400",,,0,",,W",0,",,W",80,"H,,S",93,",,W",68,",,W",,,90,",,W",80,",,W",19.9,",,W",25.1,",,W",,,,,1,",,W",,,,,,,,,,,,
USW00024157,"SPOKANE INTERNATIONAL AIRPORT, WA US",47.6216,-117.528,717.2,7/29/18,5.59,",,W",0,",,W,2400",,,0,",,W",0,",,W",80,"H,,S",94,",,W",65,",,W",,,20,",,W",40,",,W",15,",,W",19.9,",,W",,,,,,,,,,,,,,,,,,
USW00024157,"SPOKANE INTERNATIONAL AIRPORT, WA US",47.6216,-117.528,717.2,7/30/18,4.92,",,W",0,",,W,2400",,,0,",,W",0,",,W",81,"H,,S",97,",,W",65,",,W",,,70,",,W",90,",,W",15,",,W",19.9,",,W",,,,,,,,,,,,,,,,,,
USW00024157,"SPOKANE INTERNATIONAL AIRPORT, WA US",47.6216,-117.528,717.2,7/31/18,6.93,",,W",0,",,W,2400",,,0,",,W",0,",,W",83,"H,,S",97,",,W",69,",,W",,,220,",,W",30,",,W",14.1,",,W",16.1,",,W",,,,,,,,,,,,,,,,,,
USW00024157,"SPOKANE INTERNATIONAL AIRPORT, WA US",47.6216,-117.528,717.2,8/1/18,10.74,",,W",0,",,W,2400",,,0,",,W",0,",,W",81,"H,,S",91,",,W",64,",,W",,,230,",,W",210,",,W",21.9,",,W",32,",,W",,,,,,,,,,,,,,,,,,
USW00024157,"SPOKANE INTERNATIONAL AIRPORT, WA US",47.6216,-117.528,717.2,8/2/18,11.86,",,W",0,",,W,2400",,,0,",,W",0,",,W",76,"H,,S",87,",,W",61,",,W",,,240,",,W",230,",,W",23,",,W",29.1,",,W",,,,,,,,,,,,,,,,,,
USW00024157,"SPOKANE INTERNATIONAL AIRPORT, WA US",47.6216,-117.528,717.2,8/3/18,11.41,",,W",0,",,W,2400",,,0,",,W",0,",,W",69,"H,,S",77,",,W",55,",,W",,,220,",,W",220,",,W",21,",,W",33.1,",,W",,,,,,,,,,,,,,,,,,
USW00024157,"SPOKANE INTERNATIONAL AIRPORT, WA US",47.6216,-117.528,717.2,8/4/18,4.92,",,W",0,",,W,2400",,,0,",,W",0,",,W",67,"H,,S",82,",,W",53,",,W",,,10,",,W",200,",,W",13,",,W",15,",,W",,,,,,,,,,,,,,,,,,
USW00024157,"SPOKANE INTERNATIONAL AIRPORT, WA US",47.6216,-117.528,717.2,8/5/18,3.13,",,W",0,",,W,2400",,,0,",,W",0,",,W",71,"H,,S",88,",,W",58,",,W",,,330,",,W",330,",,W",14.1,",,W",17,",,W",,,,,,,,,,,,,,,1,",,W",,
USW00024157,"SPOKANE INTERNATIONAL AIRPORT, WA US",47.6216,-117.528,717.2,8/6/18,6.26,",,W",0,",,W,2400",,,0,",,W",0,",,W",77,"H,,S",91,",,W",61,",,W",,,300,",,W",290,",,W",17,",,W",23,",,W",,,,,,,,,,,,,,,1,",,W",,
USW00024157,"SPOKANE INTERNATIONAL AIRPORT, WA US",47.6216,-117.528,717.2,8/7/18,7.38,",,W",0,",,W,2400",,,0,",,W",0,",,W",78,"H,,S",93,",,W",62,",,W",,,270,",,W",280,",,W",21,",,W",23.9,",,W",,,,,,,,,,,,,,,1,",,W",,
USW00024157,"SPOKANE INTERNATIONAL AIRPORT, WA US",47.6216,-117.528,717.2,8/8/18,3.8,",,W",0,",,W,2400",,,0,",,W",0,",,W",80,"H,,S",98,",,W",64,",,W",,,70,",,W",30,",,W",12.1,",,W",14.1,",,W",,,,,,,,,,,,,,,1,",,W",,
USW00024157,"SPOKANE INTERNATIONAL AIRPORT, WA US",47.6216,-117.528,717.2,8/9/18,5.59,",,W",0,",,W,2400",,,0,",,W",0,",,W",83,"H,,S",103,",,W",68,",,W",,,70,",,W",70,",,W",12.1,",,W",17,",,W",,,,,,,,,,,,,,,1,",,W",,
USW00024157,"SPOKANE INTERNATIONAL AIRPORT, WA US",47.6216,-117.528,717.2,8/10/18,8.95,",,W",0,",,W,2400",,,0,",,W",0,",,W",88,"H,,S",102,",,W",73,",,W",,,250,",,W",220,",,W",19.9,",,W",23.9,",,W",,,,,1,",,W",,,,,,,,,1,",,W",,
USW00024157,"SPOKANE INTERNATIONAL AIRPORT, WA US",47.6216,-117.528,717.2,8/11/18,13.2,",,W",0,",,W,2400",,,0,",,W",0,",,W",83,"H,,S",87,",,W",62,",,W",,,230,",,W",270,",,W",28,",,W",36,",,W",,,,,,,,,,,,,,,1,",,W",,
USW00024157,"SPOKANE INTERNATIONAL AIRPORT, WA US",47.6216,-117.528,717.2,8/12/18,8.28,",,W",0,",,W,2400",,,0,",,W",0,",,W",68,"H,,S",77,",,W",54,",,W",,,220,",,W",210,",,W",18.1,",,W",21.9,",,W",,,,,,,,,,,,,,,1,",,W",,
USW00024157,"SPOKANE INTERNATIONAL AIRPORT, WA US",47.6216,-117.528,717.2,8/13/18,5.37,",,W",0,",,W,2400",,,0,",,W",0,",,W",68,"H,,S",82,",,W",56,",,W",,,30,",,W",310,",,W",10.1,",,W",16.1,",,W",,,,,,,,,,,,,,,1,",,W",,
USW00024157,"SPOKANE INTERNATIONAL AIRPORT, WA US",47.6216,-117.528,717.2,8/14/18,3.8,",,W",0,",,W,2400",,,0,",,W",0,",,W",70,"H,,S",87,",,W",57,",,W",,,220,",,W",220,",,W",13,",,W",16.1,",,W",,,,,,,,,,,,,,,1,",,W",,
USW00024157,"SPOKANE INTERNATIONAL AIRPORT, WA US",47.6216,-117.528,717.2,8/15/18,3.8,",,W",0,",,W,2400",,,0,",,W",0,",,W",75,"H,,S",90,",,W",60,",,W",,,270,",,W",270,",,W",12.1,",,W",14.1,",,W",,,,,,,,,,,,,,,1,",,W",,
USW00024157,"SPOKANE INTERNATIONAL AIRPORT, WA US",47.6216,-117.528,717.2,8/16/18,5.37,",,W",0,",,W,2400",,,0,",,W",0,",,W",77,"H,,S",94,",,W",64,",,W",,,200,",,W",270,",,W",13,",,W",19,",,W",,,,,,,,,,,,,,,1,",,W",,
USW00024157,"SPOKANE INTERNATIONAL AIRPORT, WA US",47.6216,-117.528,717.2,8/17/18,8.95,",,W",0,"T,,W,2400",,,0,",,W",0,",,W",79,"H,,S",87,",,W",66,",,W",,,220,",,W",220,",,W",21,",,W",25.1,",,W",,,,,,,,,,,,,,,1,",,W",,
USW00024157,"SPOKANE INTERNATIONAL AIRPORT, WA US",47.6216,-117.528,717.2,8/18/18,5.82,",,W",0,",,W,2400",,,0,",,W",0,",,W",72,"H,,S",83,",,W",59,",,W",,,210,",,W",210,",,W",12.1,",,W",15,",,W",,,,,,,,,,,,,,,1,",,W",,
USW00024157,"SPOKANE INTERNATIONAL AIRPORT, WA US",47.6216,-117.528,717.2,8/19/18,4.25,",,W",0,",,W,2400",,,0,",,W",0,",,W",69,"H,,S",77,",,W",58,",,W",,,20,",,W",10,",,W",10.1,",,W",14.1,",,W",,,,,,,,,,,,,,,1,",,W",,
USW00024157,"SPOKANE INTERNATIONAL AIRPORT, WA US",47.6216,-117.528,717.2,8/20/18,10.74,",,W",0,",,W,2400",,,0,",,W",0,",,W",67,"H,,S",79,",,W",56,",,W",,,40,",,W",60,",,W",25.1,",,W",32,",,W",,,,,,,,,,,,,,,1,",,W",,
USW00024157,"SPOKANE INTERNATIONAL AIRPORT, WA US",47.6216,-117.528,717.2,8/21/18,5.82,",,W",0,",,W,2400",,,0,",,W",0,",,W",67,"H,,S",83,",,W",56,",,W",,,50,",,W",20,",,W",15,",,W",19.9,",,W",,,,,,,,,,,,,,,1,",,W",,
USW00024157,"SPOKANE INTERNATIONAL AIRPORT, WA US",47.6216,-117.528,717.2,8/22/18,5.59,",,W",0,",,W,2400",,,0,",,W",0,",,W",70,"H,,S",87,",,W",54,",,W",,,250,",,W",230,",,W",16.1,",,W",21,",,W",,,,,,,,,,,,,,,1,",,W",,
USW00024157,"SPOKANE INTERNATIONAL AIRPORT, WA US",47.6216,-117.528,717.2,8/23/18,12.08,",,W",0,",,W,2400",,,0,",,W",0,",,W",72,"H,,S",83,",,W",58,",,W",,,220,",,W",220,",,W",21.9,",,W",28,",,W",,,,,,,,,,,,,,,1,",,W",,
USW00024157,"SPOKANE INTERNATIONAL AIRPORT, WA US",47.6216,-117.528,717.2,8/24/18,13.42,",,W",0,",,W,2400",,,0,",,W",0,",,W",67,"H,,S",74,",,W",54,",,W",,,210,",,W",240,",,W",23,",,W",27.1,",,W",,,,,,,,,,,,,,,1,",,W",,
USW00024157,"SPOKANE INTERNATIONAL AIRPORT, WA US",47.6216,-117.528,717.2,8/25/18,8.28,",,W",0,",,W,2400",,,0,",,W",0,",,W",60,"H,,S",70,",,W",48,",,W",,,220,",,W",210,",,W",15,",,W",19.9,",,W",,,,,,,,,,,,,,,1,",,W",,
USW00024157,"SPOKANE INTERNATIONAL AIRPORT, WA US",47.6216,-117.528,717.2,8/26/18,10.51,",,W",0.06,",,W,2400",,,0,",,W",0,",,W",61,"H,,S",64,",,W",53,",,W",,,220,",,W",,,18.1,",,W",,,,,,,,,,,,,,,,,1,",,W",,
USW00024157,"SPOKANE INTERNATIONAL AIRPORT, WA US",47.6216,-117.528,717.2,8/27/18,7.16,",,W",0.11,",,W,2400",,,0,",,W",0,",,W",56,"H,,S",68,",,W",52,",,W",,,30,",,W",30,",,W",16.1,",,W",19,",,W",1,",,W",,,,,,,,,,,,,,,,
USW00024157,"SPOKANE INTERNATIONAL AIRPORT, WA US",47.6216,-117.528,717.2,8/28/18,9.17,",,W",0,",,W,2400",,,0,",,W",0,",,W",60,"H,,S",75,",,W",48,",,W",,,270,",,W",250,",,W",16.1,",,W",23.9,",,W",,,,,,,,,,,,,,,,,,
USW00024157,"SPOKANE INTERNATIONAL AIRPORT, WA US",47.6216,-117.528,717.2,8/29/18,10.51,",,W",0,",,W,2400",,,0,",,W",0,",,W",66,"H,,S",83,",,W",53,",,W",,,220,",,W",210,",,W",25.1,",,W",30,",,W",,,,,,,,,,,,,,,1,",,W",,
USW00024157,"SPOKANE INTERNATIONAL AIRPORT, WA US",47.6216,-117.528,717.2,8/30/18,10.51,",,W",0,",,W,2400",,,0,",,W",0,",,W",67,"H,,S",77,",,W",54,",,W",,,250,",,W",260,",,W",23,",,W",27.1,",,W",,,,,,,,,,,,,,,1,",,W",,
USW00024157,"SPOKANE INTERNATIONAL AIRPORT, WA US",47.6216,-117.528,717.2,8/31/18,10.29,",,W",0,",,W,2400",,,0,",,W",0,",,W",63,"H,,S",74,",,W",49,",,W",,,250,",,W",220,",,W",21,",,W",27.1,",,W",,,,,,,,,,,,,,,,,,
USW00024157,"SPOKANE INTERNATIONAL AIRPORT, WA US",47.6216,-117.528,717.2,9/1/18,8.5,",,W",0,",,W,2400",,,0,",,W",0,",,W",62,"H,,S",74,",,W",50,",,W",,,210,",,W",220,",,W",18.1,",,W",21.9,",,W",,,,,,,,,,,,,,,,,,
USW00024157,"SPOKANE INTERNATIONAL AIRPORT, WA US",47.6216,-117.528,717.2,9/2/18,7.83,",,W",0,",,W,2400",,,0,",,W",0,",,W",63,"H,,S",77,",,W",50,",,W",,,240,",,W",240,",,W",19.9,",,W",25.1,",,W",,,,,,,,,,,,,,,,,,
USW00024157,"SPOKANE INTERNATIONAL AIRPORT, WA US",47.6216,-117.528,717.2,9/3/18,8.95,",,W",0,",,W,2400",,,0,",,W",0,",,W",67,"H,,S",78,",,W",56,",,W",,,230,",,W",230,",,W",17,",,W",23.9,",,W",,,,,,,,,,,,,,,,,,
USW00024157,"SPOKANE INTERNATIONAL AIRPORT, WA US",47.6216,-117.528,717.2,9/4/18,4.7,",,W",0,",,W,2400",,,0,",,W",0,",,W",64,"H,,S",76,",,W",51,",,W",,,280,",,W",280,",,W",13,",,W",15,",,W",,,,,,,,,,,,,,,1,",,W",,
USW00024157,"SPOKANE INTERNATIONAL AIRPORT, WA US",47.6216,-117.528,717.2,9/5/18,4.03,",,W",0,",,W,2400",,,0,",,W",0,",,W",63,"H,,S",82,",,W",49,",,W",,,50,",,W",60,",,W",10.1,",,W",13,",,W",,,,,,,,,,,,,,,,,,
USW00024157,"SPOKANE INTERNATIONAL AIRPORT, WA US",47.6216,-117.528,717.2,9/6/18,4.03,",,W",0,",,W,2400",,,0,",,W",0,",,W",68,"H,,S",87,",,W",53,",,W",,,60,",,W",240,",,W",12.1,",,W",13,",,W",,,,,,,,,,,,,,,,,,
USW00024157,"SPOKANE INTERNATIONAL AIRPORT, WA US",47.6216,-117.528,717.2,9/7/18,8.5,",,W",0,"T,,W,2400",,,0,",,W",0,",,W",71,"H,,S",84,",,W",57,",,W",,,280,",,W",280,",,W",36.9,",,W",46.1,",,W",,,,,,,,,,,,,,,1,",,W",,
USW00024157,"SPOKANE INTERNATIONAL AIRPORT, WA US",47.6216,-117.528,717.2,9/8/18,11.41,",,W",0,"T,,W,2400",,,0,",,W",0,",,W",69,"H,,S",75,",,W",57,",,W",,,290,",,W",290,",,W",28,",,W",33.1,",,W",,,,,,,,,,,,,,,,,,
USW00024157,"SPOKANE INTERNATIONAL AIRPORT, WA US",47.6216,-117.528,717.2,9/9/18,7.61,",,W",0,"T,,W,2400",,,0,",,W",0,",,W",63,"H,,S",74,",,W",51,",,W",,,230,",,W",230,",,W",16.1,",,W",21,",,W",,,,,,,,,,,,,,,,,,
USW00024157,"SPOKANE INTERNATIONAL AIRPORT, WA US",47.6216,-117.528,717.2,9/10/18,14.09,",,W",0,",,W,2400",,,0,",,W",0,",,W",64,"H,,S",70,",,W",55,",,W",,,240,",,W",220,",,W",23.9,",,W",30,",,W",,,,,,,,,,,,,,,,,,
USW00024157,"SPOKANE INTERNATIONAL AIRPORT, WA US",47.6216,-117.528,717.2,9/11/18,7.38,",,W",0,"T,,W,2400",,,0,",,W",0,",,W",58,"H,,S",66,",,W",51,",,W",,,240,",,W",230,",,W",17,",,W",21.9,",,W",,,,,,,,,,,,,,,,,,
USW00024157,"SPOKANE INTERNATIONAL AIRPORT, WA US",47.6216,-117.528,717.2,9/12/18,5.59,",,W",0,",,W,2400",,,0,",,W",0,",,W",56,"H,,S",66,",,W",47,",,W",,,220,",,W",220,",,W",17,",,W",19.9,",,W",,,,,,,,,,,,,,,,,,
USW00024157,"SPOKANE INTERNATIONAL AIRPORT, WA US",47.6216,-117.528,717.2,9/13/18,9.4,",,W",0,",,W,2400",,,0,",,W",0,",,W",55,"H,,S",66,",,W",44,",,W",,,220,",,W",220,",,W",23,",,W",27.1,",,W",,,,,,,,,,,,,,,,,,
USW00024157,"SPOKANE INTERNATIONAL AIRPORT, WA US",47.6216,-117.528,717.2,9/14/18,4.7,",,W",0,"T,,W,2400",,,0,",,W",0,",,W",56,"H,,S",70,",,W",46,",,W",,,190,",,W",190,",,W",12.1,",,W",16.1,",,W",,,,,,,,,,,,,,,,,,
USW00024157,"SPOKANE INTERNATIONAL AIRPORT, WA US",47.6216,-117.528,717.2,9/15/18,6.04,",,W",0.01,",,W,2400",,,0,",,W",0,",,W",61,"H,,S",71,",,W",51,",,W",,,210,",,W",210,",,W",15,",,W",19.9,",,W",,,,,,,,,,,,,,,,,,
USW00024157,"SPOKANE INTERNATIONAL AIRPORT, WA US",47.6216,-117.528,717.2,9/16/18,13.65,",,W",0.01,",,W,2400",,,0,",,W",0,",,W",58,"H,,S",66,",,W",49,",,W",,,230,",,W",220,",,W",28,",,W",33.1,",,W",,,,,,,,,,,,,,,,,,
USW00024157,"SPOKANE INTERNATIONAL AIRPORT, WA US",47.6216,-117.528,717.2,9/17/18,4.7,",,W",0,",,W,2400",,,0,",,W",0,",,W",53,"H,,S",65,",,W",40,",,W",,,220,",,W",220,",,W",13,",,W",14.1,",,W",,,,,,,,,,,,,,,,,,
USW00024157,"SPOKANE INTERNATIONAL AIRPORT, WA US",47.6216,-117.528,717.2,9/18/18,3.36,",,W",0,",,W,2400",,,0,",,W",0,",,W",54,"H,,S",70,",,W",40,",,W",,,300,",,W",300,",,W",12.1,",,W",15,",,W",,,,,,,,,,,,,,,,,,
USW00024157,"SPOKANE INTERNATIONAL AIRPORT, WA US",47.6216,-117.528,717.2,9/19/18,4.03,",,W",0,",,W,2400",,,0,",,W",0,",,W",55,"H,,S",71,",,W",43,",,W",,,250,",,W",20,",,W",10.1,",,W",14.1,",,W",,,,,,,,,,,,,,,,,,
USW00024157,"SPOKANE INTERNATIONAL AIRPORT, WA US",47.6216,-117.528,717.2,9/20/18,10.07,",,W",0,",,W,2400",,,0,",,W",0,",,W",55,"H,,S",65,",,W",44,",,W",,,230,",,W",220,",,W",21,",,W",27.1,",,W",,,,,,,,,,,,,,,,,,
USW00024157,"SPOKANE INTERNATIONAL AIRPORT, WA US",47.6216,-117.528,717.2,9/21/18,8.05,",,W",0,",,W,2400",,,0,",,W",0,",,W",59,"H,,S",71,",,W",49,",,W",,,200,",,W",230,",,W",15,",,W",19.9,",,W",,,,,,,,,,,,,,,,,,
USW00024157,"SPOKANE INTERNATIONAL AIRPORT, WA US",47.6216,-117.528,717.2,9/22/18,15.21,",,W",0,",,W,2400",,,0,",,W",0,",,W",63,"H,,S",68,",,W",53,",,W",,,200,",,W",200,",,W",30,",,W",36,",,W",,,,,,,,,,,,,,,,,,
USW00024157,"SPOKANE INTERNATIONAL AIRPORT, WA US",47.6216,-117.528,717.2,9/23/18,11.41,",,W",0,",,W,2400",,,0,",,W",0,",,W",55,"H,,S",62,",,W",46,",,W",,,200,",,W",200,",,W",18.1,",,W",21.9,",,W",,,,,,,,,,,,,,,,,,
USW00024157,"SPOKANE INTERNATIONAL AIRPORT, WA US",47.6216,-117.528,717.2,9/24/18,5.82,",,W",0,",,W,2400",,,0,",,W",0,",,W",56,"H,,S",67,",,W",44,",,W",,,240,",,W",230,",,W",16.1,",,W",19,",,W",,,,,,,,,,,,,,,,,,
USW00024157,"SPOKANE INTERNATIONAL AIRPORT, WA US",47.6216,-117.528,717.2,9/25/18,4.7,",,W",0,",,W,2400",,,0,",,W",0,",,W",55,"H,,S",70,",,W",42,",,W",,,280,",,W",310,",,W",10.1,",,W",14.1,",,W",,,,,,,,,,,,,,,,,,
USW00024157,"SPOKANE INTERNATIONAL AIRPORT, WA US",47.6216,-117.528,717.2,9/26/18,6.71,",,W",0,",,W,2400",,,0,",,W",0,",,W",58,"H,,S",73,",,W",44,",,W",,,230,",,W",230,",,W",14.1,",,W",18.1,",,W",,,,,,,,,,,,,,,,,,
USW00024157,"SPOKANE INTERNATIONAL AIRPORT, WA US",47.6216,-117.528,717.2,9/27/18,6.49,",,W",0,",,W,2400",,,0,",,W",0,",,W",61,"H,,S",75,",,W",47,",,W",,,350,",,W",30,",,W",18.1,",,W",23,",,W",,,,,,,,,,,,,,,,,,
USW00024157,"SPOKANE INTERNATIONAL AIRPORT, WA US",47.6216,-117.528,717.2,9/28/18,7.38,",,W",0,",,W,2400",,,0,",,W",0,",,W",60,"H,,S",69,",,W",49,",,W",,,40,",,W",30,",,W",17,",,W",21,",,W",,,,,,,,,,,,,,,,,,
USW00024157,"SPOKANE INTERNATIONAL AIRPORT, WA US",47.6216,-117.528,717.2,9/29/18,14.32,",,W",0,"T,,W,2400",,,0,",,W",0,",,W",56,"H,,S",66,",,W",46,",,W",,,50,",,W",50,",,W",25.9,",,W",33.1,",,W",,,,,,,,,,,,,,,,,,
USW00024157,"SPOKANE INTERNATIONAL AIRPORT, WA US",47.6216,-117.528,717.2,9/30/18,8.5,",,W",0,"T,,W,2400",,,0,",,W",0,",,W",49,"H,,S",55,",,W",44,",,W",,,30,",,W",30,",,W",16.1,",,W",21,",,W",,,,,,,,,,,,,,,,,,
USW00024157,"SPOKANE INTERNATIONAL AIRPORT, WA US",47.6216,-117.528,717.2,10/1/18,6.71,",,W",0,",,W,2400",,,0,",,W",0,",,W",53,"H,,S",68,",,W",47,",,W",,,230,",,W",220,",,W",19.9,",,W",23,",,W",,,,,,,,,,,,,,,,,,
USW00024157,"SPOKANE INTERNATIONAL AIRPORT, WA US",47.6216,-117.528,717.2,10/2/18,17,",,W",0,"T,,W,2400",,,0,",,W",0,",,W",60,"H,,S",67,",,W",40,",,W",,,250,",,W",310,",,W",33.1,",,W",40,",,W",,,,,,,,,,,,,1,",,W",1,",,W",,
USW00024157,"SPOKANE INTERNATIONAL AIRPORT, WA US",47.6216,-117.528,717.2,10/3/18,5.37,",,W",0,",,W,2400",,,0,",,W",0,",,W",45,"H,,S",55,",,W",32,",,W",,,280,",,W",270,",,W",14.1,",,W",16.1,",,W",,,,,,,,,,,,,,,,,,
USW00024157,"SPOKANE INTERNATIONAL AIRPORT, WA US",47.6216,-117.528,717.2,10/4/18,5.82,",,W",0,",,W,2400",,,0,",,W",0,",,W",47,"H,,S",57,",,W",39,",,W",,,230,",,W",290,",,W",15,",,W",19.9,",,W",,,,,,,,,,,,,,,,,,
USW00024157,"SPOKANE INTERNATIONAL AIRPORT, WA US",47.6216,-117.528,717.2,10/5/18,6.93,",,W",0.09,",,W,2400",,,0,",,W",0,",,W",46,"H,,S",55,",,W",34,",,W",,,220,",,W",220,",,W",18.1,",,W",23,",,W",1,",,W",,,,,,,,,,,,,,,,
USW00024157,"SPOKANE INTERNATIONAL AIRPORT, WA US",47.6216,-117.528,717.2,10/6/18,6.49,",,W",0.06,",,W,2400",,,0,",,W",0,",,W",47,"H,,S",57,",,W",40,",,W",,,210,",,W",10,",,W",12.1,",,W",15,",,W",1,",,W",1,",,W",,,,,,,,,,,,,,
USW00024157,"SPOKANE INTERNATIONAL AIRPORT, WA US",47.6216,-117.528,717.2,10/7/18,4.7,",,W",0,",,W,2400",,,0,",,W",0,",,W",46,"H,,S",52,",,W",38,",,W",,,160,",,W",170,",,W",8.9,",,W",13,",,W",1,",,W",1,",,W",,,,,,,,,,,,,,
USW00024157,"SPOKANE INTERNATIONAL AIRPORT, WA US",47.6216,-117.528,717.2,10/8/18,4.7,",,W",0.12,",,W,2400",,,0,",,W",0,",,W",48,"H,,S",53,",,W",44,",,W",,,360,",,W",350,",,W",8.1,",,W",10.1,",,W",1,",,W",,,,,,,,,,,,,,,,
USW00024157,"SPOKANE INTERNATIONAL AIRPORT, WA US",47.6216,-117.528,717.2,10/9/18,11.41,",,W",0.17,",,W,2400",,,0,",,W",0,",,W",46,"H,,S",53,",,W",41,",,W",,,20,",,W",20,",,W",21.9,",,W",25.9,",,W",1,",,W",,,,,,,,,,,,,,,,
USW00024157,"SPOKANE INTERNATIONAL AIRPORT, WA US",47.6216,-117.528,717.2,10/10/18,4.92,",,W",0,",,W,2400",,,0,",,W",0,",,W",47,"H,,S",56,",,W",35,",,W",,,30,",,W",30,",,W",13,",,W",18.1,",,W",,,,,,,,,,,,,,,,,,
USW00024157,"SPOKANE INTERNATIONAL AIRPORT, WA US",47.6216,-117.528,717.2,10/11/18,5.59,",,W",0,",,W,2400",,,0,",,W",0,",,W",44,"H,,S",57,",,W",33,",,W",,,250,",,W",260,",,W",16.1,",,W",21,",,W",,,,,,,,,,,,,,,,,,
USW00024157,"SPOKANE INTERNATIONAL AIRPORT, WA US",47.6216,-117.528,717.2,10/12/18,9.17,",,W",0,",,W,2400",,,0,",,W",0,",,W",48,"H,,S",62,",,W",38,",,W",,,10,",,W",360,",,W",25.9,",,W",33.1,",,W",,,,,,,,,,,,,,,,,,
USW00024157,"SPOKANE INTERNATIONAL AIRPORT, WA US",47.6216,-117.528,717.2,10/13/18,7.16,",,W",0.01,",,W,2400",,,0,",,W",0,",,W",49,"H,,S",54,",,W",35,",,W",,,50,",,W",40,",,W",21.9,",,W",27.1,",,W",,,,,,,,,,,,,,,,,,
USW00024157,"SPOKANE INTERNATIONAL AIRPORT, WA US",47.6216,-117.528,717.2,10/14/18,4.7,",,W",0,",,W,2400",,,0,",,W",0,",,W",42,"H,,S",56,",,W",30,",,W",,,270,",,W",270,",,W",14.1,",,W",17,",,W",,,,,,,,,,,,,,,,,,
USW00024157,"SPOKANE INTERNATIONAL AIRPORT, WA US",47.6216,-117.528,717.2,10/15/18,5.59,",,W",0,",,W,2400",,,0,",,W",0,",,W",44,"H,,S",60,",,W",34,",,W",,,160,",,W",150,",,W",10.1,",,W",13,",,W",,,,,,,,,,,,,,,,,,
USW00024157,"SPOKANE INTERNATIONAL AIRPORT, WA US",47.6216,-117.528,717.2,10/16/18,4.25,",,W",0,",,W,2400",,,0,",,W",0,",,W",45,"H,,S",62,",,W",34,",,W",,,50,",,W",70,",,W",12.1,",,W",14.1,",,W",,,,,,,,,,,,,,,1,",,W",,
USW00024157,"SPOKANE INTERNATIONAL AIRPORT, WA US",47.6216,-117.528,717.2,10/17/18,4.03,",,W",0,",,W,2400",,,0,",,W",0,",,W",48,"H,,S",64,",,W",37,",,W",,,50,",,W",60,",,W",12.1,",,W",14.1,",,W",,,,,,,,,,,,,,,1,",,W",,
USW00024157,"SPOKANE INTERNATIONAL AIRPORT, WA US",47.6216,-117.528,717.2,10/18/18,2.24,",,W",0,",,W,2400",,,0,",,W",0,",,W",48,"H,,S",63,",,W",36,",,W",,,40,",,W",40,",,W",8.9,",,W",10.1,",,W",1,",,W",,,,,,,,,,,,,1,",,W",,
USW00024157,"SPOKANE INTERNATIONAL AIRPORT, WA US",47.6216,-117.528,717.2,10/19/18,2.24,",,W",0,",,W,2400",,,0,",,W",0,",,W",47,"H,,S",66,",,W",36,",,W",,,60,",,W",60,",,W",8.9,",,W",11,",,W",,,,,,,,,,,,,,,1,",,W",,
USW00024157,"SPOKANE INTERNATIONAL AIRPORT, WA US",47.6216,-117.528,717.2,10/20/18,3.58,",,W",0,",,W,2400",,,0,",,W",0,",,W",50,"H,,S",67,",,W",39,",,W",,,20,",,W",30,",,W",8.9,",,W",13,",,W",,,,,,,,,,,,,,,,,,
USW00024157,"SPOKANE INTERNATIONAL AIRPORT, WA US",47.6216,-117.528,717.2,10/21/18,5.14,",,W",0,",,W,2400",,,0,",,W",0,",,W",49,"H,,S",65,",,W",39,",,W",,,50,",,W",50,",,W",12.1,",,W",14.1,",,W",,,,,,,,,,,,,,,,,,
USW00024157,"SPOKANE INTERNATIONAL AIRPORT, WA US",47.6216,-117.528,717.2,10/22/18,5.37,",,W",0,",,W,2400",,,0,",,W",0,",,W",50,"H,,S",65,",,W",38,",,W",,,50,",,W",60,",,W",10.1,",,W",14.1,",,W",,,,,,,,,,,,,,,,,,
USW00024157,"SPOKANE INTERNATIONAL AIRPORT, WA US",47.6216,-117.528,717.2,10/23/18,4.92,",,W",0,"T,,W,2400",,,0,",,W",0,",,W",51,"H,,S",61,",,W",41,",,W",,,60,",,W",50,",,W",13,",,W",15,",,W",,,,,,,,,,,,,,,,,,
USW00024157,"SPOKANE INTERNATIONAL AIRPORT, WA US",47.6216,-117.528,717.2,10/24/18,7.38,",,W",0,",,W,2400",,,0,",,W",0,",,W",51,"H,,S",58,",,W",44,",,W",,,230,",,W",230,",,W",15,",,W",18.1,",,W",1,",,W",,,,,,,,,,,,,,,,
USW00024157,"SPOKANE INTERNATIONAL AIRPORT, WA US",47.6216,-117.528,717.2,10/25/18,6.26,",,W",0.23,",,W,2400",,,0,",,W",0,",,W",48,"H,,S",56,",,W",42,",,W",,,220,",,W",220,",,W",14.1,",,W",17,",,W",1,",,W",,,,,,,,,,,,,,,,
USW00024157,"SPOKANE INTERNATIONAL AIRPORT, WA US",47.6216,-117.528,717.2,10/26/18,10.74,",,W",0.34,",,W,2400",,,0,",,W",0,",,W",50,"H,,S",58,",,W",46,",,W",,,200,",,W",200,",,W",19.9,",,W",25.1,",,W",1,",,W",,,,,,,,,,,,,,,,
USW00024157,"SPOKANE INTERNATIONAL AIRPORT, WA US",47.6216,-117.528,717.2,10/27/18,7.16,",,W",0.04,",,W,2400",,,0,",,W",0,",,W",49,"H,,S",55,",,W",38,",,W",,,240,",,W",250,",,W",16.1,",,W",19,",,W",1,",,W",1,",,W",,,,,,,,,,,,,,
USW00024157,"SPOKANE INTERNATIONAL AIRPORT, WA US",47.6216,-117.528,717.2,10/28/18,10.51,",,W",0.37,",,W,2400",,,0,",,W",0,",,W",48,"H,,S",51,",,W",41,",,W",,,210,",,W",220,",,W",18.1,",,W",25.1,",,W",1,",,W",1,",,W",,,,,,,,,,,,,,
USW00024157,"SPOKANE INTERNATIONAL AIRPORT, WA US",47.6216,-117.528,717.2,10/29/18,11.18,",,W",0,"T,,W,2400",,,0,",,W",0,",,W",45,"H,,S",51,",,W",37,",,W",,,250,",,W",250,",,W",21,",,W",23.9,",,W",,,,,,,,,,,,,,,,,,
USW00024157,"SPOKANE INTERNATIONAL AIRPORT, WA US",47.6216,-117.528,717.2,10/30/18,5.59,",,W",0,",,W,2400",,,0,",,W",0,",,W",41,"H,,S",49,",,W",34,",,W",,,240,",,W",220,",,W",13,",,W",15,",,W",1,",,W",1,",,W",,,,,,,,,,,,,,
USW00024157,"SPOKANE INTERNATIONAL AIRPORT, WA US",47.6216,-117.528,717.2,10/31/18,7.38,",,W",0.21,",,W,2400",,,0,",,W",0,",,W",42,"H,,S",49,",,W",39,",,W",,,230,",,W",200,",,W",18.1,",,W",25.1,",,W",1,",,W",,,,,,,,,,,,,,,,
USW00024157,"SPOKANE INTERNATIONAL AIRPORT, WA US",47.6216,-117.528,717.2,11/1/18,8.72,",,W",0.18,",,W,2400",,,0,",,W",0,",,W",48,"H,,S",54,",,W",46,",,W",,,200,",,W",200,",,W",25.1,",,W",32,",,W",1,",,W",1,",,W",,,,,,,,,,,,,,
USW00024157,"SPOKANE INTERNATIONAL AIRPORT, WA US",47.6216,-117.528,717.2,11/2/18,19.01,",,W",0.03,",,W,2400",,,0,",,W",0,",,W",52,"H,,S",59,",,W",44,",,W",,,260,",,W",210,",,W",33.1,",,W",40,",,W",,,,,,,,,,,,,,,,,,
USW00024157,"SPOKANE INTERNATIONAL AIRPORT, WA US",47.6216,-117.528,717.2,11/3/18,10.96,",,W",0.07,",,W,2400",0,",,W",0,",,W",0,",,W",47,"H,,S",52,",,W",41,",,W",0,",,W",240,",,W",180,",,W",18.1,",,W",19.9,",,W",,,,,,,,,,,,,,,,,,
USW00024157,"SPOKANE INTERNATIONAL AIRPORT, WA US",47.6216,-117.528,717.2,11/4/18,17.22,",,W",0.05,",,W,2400",,,0,",,W",0,",,W",48,"H,,S",57,",,W",39,",,W",,,220,",,W",210,",,W",29.1,",,W",34,",,W",,,,,,,,,,,,,,,,,,
USW00024157,"SPOKANE INTERNATIONAL AIRPORT, WA US",47.6216,-117.528,717.2,11/5/18,9.84,",,W",0,"T,,W,2400",,,0,",,W",0,",,W",44,"H,,S",49,",,W",38,",,W",,,220,",,W",210,",,W",21,",,W",25.1,",,W",,,,,1,",,W",,,,,,,,,,,,
USW00024157,"SPOKANE INTERNATIONAL AIRPORT, WA US",47.6216,-117.528,717.2,11/6/18,5.82,",,W",0,",,W,2400",,,0,",,W",0,",,W",40,"H,,S",46,",,W",34,",,W",,,200,",,W",210,",,W",14.1,",,W",18.1,",,W",1,",,W",,,,,,,,,,,,,,,,
USW00024157,"SPOKANE INTERNATIONAL AIRPORT, WA US",47.6216,-117.528,717.2,11/7/18,4.03,",,W",0,",,W,2400",,,0,",,W",0,",,W",37,"H,,S",45,",,W",30,",,W",,,290,",,W",320,",,W",12.1,",,W",14.1,",,W",1,",,W",1,",,W",,,,,,,,,,,,,,
USW00024157,"SPOKANE INTERNATIONAL AIRPORT, WA US",47.6216,-117.528,717.2,11/8/18,4.92,",,W",0,",,W,2400",,,0,",,W",0,",,W",33,"H,,S",41,",,W",23,",,W",,,160,",,W",200,",,W",8.9,",,W",12.1,",,W",,,,,,,,,,,,,,,,,,
USW00024157,"SPOKANE INTERNATIONAL AIRPORT, WA US",47.6216,-117.528,717.2,11/9/18,3.13,",,W",0.06,",,W,2400",,,1.1,",,W",0,",,W",31,"H,,S",36,",,W",26,",,W",,,160,",,W",140,",,W",12.1,",,W",17,",,W",1,",,W",1,",,W",,,,,,,,,,,,,,
USW00024157,"SPOKANE INTERNATIONAL AIRPORT, WA US",47.6216,-117.528,717.2,11/10/18,2.91,",,W",0,",,W,2400",,,0,",,W",1.2,",,W",29,"H,,S",31,",,W",24,",,W",,,70,",,W",40,",,W",8.9,",,W",11,",,W",1,",,W",1,",,W",,,,,,,,,,,,,,
USW00024157,"SPOKANE INTERNATIONAL AIRPORT, WA US",47.6216,-117.528,717.2,11/11/18,3.8,",,W",0,",,W,2400",,,0,",,W",0,"T,,W",30,"H,,S",33,",,W",23,",,W",,,40,",,W",50,",,W",10.1,",,W",13,",,W",1,",,W",,,,,,,,,,,,,1,",,W",,
USW00024157,"SPOKANE INTERNATIONAL AIRPORT, WA US",47.6216,-117.528,717.2,11/12/18,4.7,",,W",0,",,W,2400",,,0,",,W",0,",,W",27,"H,,S",30,",,W",25,",,W",,,40,",,W",40,",,W",8.9,",,W",12.1,",,W",1,",,W",1,",,W",,,,,,,,,,,,,,
USW00024157,"SPOKANE INTERNATIONAL AIRPORT, WA US",47.6216,-117.528,717.2,11/13/18,4.47,",,W",0,",,W,2400",,,0,",,W",0,",,W",30,"H,,S",41,",,W",26,",,W",,,50,",,W",40,",,W",8.9,",,W",11,",,W",1,",,W",1,",,W",,,,,,,,,,,,,,
USW00024157,"SPOKANE INTERNATIONAL AIRPORT, WA US",47.6216,-117.528,717.2,11/14/18,6.71,",,W",0,",,W,2400",,,0,",,W",0,",,W",33,"H,,S",44,",,W",26,",,W",,,230,",,W",220,",,W",21,",,W",25.9,",,W",1,",,W",,,,,,,,,,,,,1,",,W",,
USW00024157,"SPOKANE INTERNATIONAL AIRPORT, WA US",47.6216,-117.528,717.2,11/15/18,4.47,",,W",0.03,",,W,2400",,,0,",,W",0,",,W",33,"H,,S",44,",,W",27,",,W",,,200,",,W",210,",,W",15,",,W",19.9,",,W",1,",,W",1,",,W",,,,,,,,,,,1,",,W",,
USW00024157,"SPOKANE INTERNATIONAL AIRPORT, WA US",47.6216,-117.528,717.2,11/16/18,4.03,",,W",0,",,W,2400",,,0,",,W",0,",,W",40,"H,,S",47,",,W",31,",,W",,,20,",,W",30,",,W",13,",,W",18.1,",,W",1,",,W",1,",,W",,,,,,,,,,,,,,
USW00024157,"SPOKANE INTERNATIONAL AIRPORT, WA US",47.6216,-117.528,717.2,11/17/18,2.68,",,W",0,",,W,2400",,,0,",,W",0,",,W",35,"H,,S",43,",,W",26,",,W",,,40,",,W",40,",,W",10.1,",,W",13,",,W",,,,,,,,,,,,,,,,,,
USW00024157,"SPOKANE INTERNATIONAL AIRPORT, WA US",47.6216,-117.528,717.2,11/18/18,2.01,",,W",0,",,W,2400",,,0,",,W",0,",,W",31,"H,,S",42,",,W",23,",,W",,,50,",,W",50,",,W",8.1,",,W",8.9,",,W",1,",,W",,,,,,,,,,,,,1,",,W",,
USW00024157,"SPOKANE INTERNATIONAL AIRPORT, WA US",47.6216,-117.528,717.2,11/19/18,5.37,",,W",0,",,W,2400",,,0,",,W",0,",,W",31,"H,,S",41,",,W",25,",,W",,,40,",,W",50,",,W",10.1,",,W",12.1,",,W",,,,,,,,,,,,,,,,,,
USW00024157,"SPOKANE INTERNATIONAL AIRPORT, WA US",47.6216,-117.528,717.2,11/20/18,5.37,",,W",0,",,W,2400",,,0,",,W",0,",,W",32,"H,,S",42,",,W",25,",,W",,,60,",,W",50,",,W",8.9,",,W",12.1,",,W",,,,,,,,,,,,,,,,,,
USW00024157,"SPOKANE INTERNATIONAL AIRPORT, WA US",47.6216,-117.528,717.2,11/21/18,6.26,",,W",0.01,",,W,2400",,,0,",,W",0,",,W",31,"H,,S",36,",,W",28,",,W",,,90,",,W",90,",,W",18.1,",,W",21.9,",,W",,,,,,,,,,,,,,,,,,
USW00024157,"SPOKANE INTERNATIONAL AIRPORT, WA US",47.6216,-117.528,717.2,11/22/18,8.05,",,W",0.36,",,W,2400",,,0,",,W",0,",,W",38,"H,,S",47,",,W",33,",,W",,,220,",,W",220,",,W",30,",,W",36,",,W",1,",,W",,,,,,,,,,,,,,,,
USW00024157,"SPOKANE INTERNATIONAL AIRPORT, WA US",47.6216,-117.528,717.2,11/23/18,10.96,",,W",0.35,",,W,2400",,,0.6,",,W",0,",,W",40,"H,,S",45,",,W",32,",,W",,,220,",,W",210,",,W",23,",,W",31.1,",,W",1,",,W",,,,,,,,,,,,,,,,
USW00024157,"SPOKANE INTERNATIONAL AIRPORT, WA US",47.6216,-117.528,717.2,11/24/18,5.82,",,W",0,"T,,W,2400",,,0,"T,,W",1.2,",,W",33,"H,,S",34,",,W",30,",,W",,,270,",,W",280,",,W",14.1,",,W",17,",,W",1,",,W",1,",,W",,,,,,,,,,,,,,
USW00024157,"SPOKANE INTERNATIONAL AIRPORT, WA US",47.6216,-117.528,717.2,11/25/18,3.36,",,W",0,",,W,2400",,,0,",,W",0,",,W",32,"H,,S",37,",,W",27,",,W",,,80,",,W",70,",,W",8.1,",,W",10.1,",,W",1,",,W",1,",,W",,,,,,,,,,,,,,
USW00024157,"SPOKANE INTERNATIONAL AIRPORT, WA US",47.6216,-117.528,717.2,11/26/18,6.71,",,W",0.13,",,W,2400",,,0,",,W",0,",,W",31,"H,,S",39,",,W",29,",,W",,,130,",,W",150,",,W",19.9,",,W",28,",,W",1,",,W",1,",,W",,,,,,,,,,,,,,
USW00024157,"SPOKANE INTERNATIONAL AIRPORT, WA US",47.6216,-117.528,717.2,11/27/18,12.3,",,W",0.3,",,W,2400",,,0,",,W",0,",,W",39,"H,,S",45,",,W",38,",,W",,,160,",,W",170,",,W",21,",,W",25.9,",,W",1,",,W",,,,,,,,,,,,,,,,
USW00024157,"SPOKANE INTERNATIONAL AIRPORT, WA US",47.6216,-117.528,717.2,11/28/18,6.49,",,W",0.13,",,W,2400",,,0,",,W",0,",,W",42,"H,,S",45,",,W",40,",,W",,,210,",,W",220,",,W",14.1,",,W",17,",,W",1,",,W",,,,,,,,,,,,,,,,
USW00024157,"SPOKANE INTERNATIONAL AIRPORT, WA US",47.6216,-117.528,717.2,11/29/18,5.14,",,W",0.07,",,W,2400",,,0,",,W",0,",,W",41,"H,,S",44,",,W",36,",,W",,,50,",,W",50,",,W",8.9,",,W",12.1,",,W",1,",,W",1,",,W",,,,,,,,,,,,,,
USW00024157,"SPOKANE INTERNATIONAL AIRPORT, WA US",47.6216,-117.528,717.2,11/30/18,5.14,",,W",0.19,",,W,2400",,,0.9,",,W",0,",,W",36,"H,,S",37,",,W",33,",,W",,,240,",,W",230,",,W",8.9,",,W",11,",,W",1,",,W",1,",,W",,,,,,,,,,,,,,
USW00024157,"SPOKANE INTERNATIONAL AIRPORT, WA US",47.6216,-117.528,717.2,12/1/18,3.36,",,W",0.14,",,W,2400",,,1.1,",,W",1.2,",,W",34,"H,,S",38,",,W",29,",,W",,,60,",,W",60,",,W",8.1,",,W",10.1,",,W",1,",,W",1,",,W",,,,,,,,,,,1,",,W",,
USW00024157,"SPOKANE INTERNATIONAL AIRPORT, WA US",47.6216,-117.528,717.2,12/2/18,2.68,",,W",0,"T,,W,2400",,,0,"T,,W",0,"T,,W",33,"H,,S",36,",,W",29,",,W",,,220,",,W",220,",,W",8.9,",,W",10.1,",,W",1,",,W",1,",,W",,,,,,,,,,,,,,
USW00024157,"SPOKANE INTERNATIONAL AIRPORT, WA US",47.6216,-117.528,717.2,12/3/18,2.01,",,W",0,"T,,W,2400",,,0,"T,,W",0,",,W",31,"H,,S",32,",,W",23,",,W",,,10,",,W",10,",,W",8.1,",,W",8.9,",,W",1,",,W",1,",,W",,,,,,,,,,,,,,
USW00024157,"SPOKANE INTERNATIONAL AIRPORT, WA US",47.6216,-117.528,717.2,12/4/18,2.91,",,W",0,",,W,2400",,,0,",,W",0,",,W",26,"H,,S",29,",,W",21,",,W",,,30,",,W",40,",,W",8.1,",,W",8.9,",,W",1,",,W",1,",,W",,,,,,,,,,,,,,
USW00024157,"SPOKANE INTERNATIONAL AIRPORT, WA US",47.6216,-117.528,717.2,12/5/18,5.14,",,W",0,",,W,2400",,,0,",,W",0,",,W",27,"H,,S",34,",,W",21,",,W",,,40,",,W",40,",,W",12.1,",,W",14.1,",,W",1,",,W",1,",,W",,,,,,,,,,,,,,
USW00024157,"SPOKANE INTERNATIONAL AIRPORT, WA US",47.6216,-117.528,717.2,12/6/18,3.8,",,W",0,",,W,2400",,,0,",,W",0,",,W",24,"H,,S",30,",,W",14,",,W",,,40,",,W",40,",,W",8.9,",,W",12.1,",,W",1,",,W",,,,,,,,,,,,,,,,
USW00024157,"SPOKANE INTERNATIONAL AIRPORT, WA US",47.6216,-117.528,717.2,12/7/18,4.25,",,W",0,",,W,2400",,,0,",,W",0,",,W",22,"H,,S",29,",,W",15,",,W",,,40,",,W",50,",,W",8.9,",,W",12.1,",,W",1,",,W",,,,,,,,,,,,,,,,
USW00024157,"SPOKANE INTERNATIONAL AIRPORT, WA US",47.6216,-117.528,717.2,12/8/18,3.8,",,W",0,",,W,2400",,,0,",,W",0,",,W",23,"H,,S",29,",,W",20,",,W",,,40,",,W",40,",,W",8.9,",,W",10.1,",,W",,,,,,,,,,,,,,,,,,
USW00024157,"SPOKANE INTERNATIONAL AIRPORT, WA US",47.6216,-117.528,717.2,12/9/18,6.49,",,W",0.01,",,W,2400",,,0.1,",,W",0,",,W",30,"H,,S",35,",,W",26,",,W",,,60,",,W",60,",,W",10.1,",,W",12.1,",,W",1,",,W",,,,,,,,,,,,,,,,
USW00024157,"SPOKANE INTERNATIONAL AIRPORT, WA US",47.6216,-117.528,717.2,12/10/18,6.93,",,W",0.12,",,W,2400",,,1.4,",,W",1.2,",,W",31,"H,,S",33,",,W",27,",,W",,,210,",,W",210,",,W",13,",,W",15,",,W",1,",,W",1,",,W",,,,,,,,,,,,,,
USW00024157,"SPOKANE INTERNATIONAL AIRPORT, WA US",47.6216,-117.528,717.2,12/11/18,12.53,",,W",0.36,",,W,2400",,,2,",,W",1.2,",,W",31,"H,,S",40,",,W",28,",,W",,,240,",,W",250,",,W",29.1,",,W",36.9,",,W",1,",,W",1,",,W",,,,,,,,,,,,,,
USW00024157,"SPOKANE INTERNATIONAL AIRPORT, WA US",47.6216,-117.528,717.2,12/12/18,15.66,",,W",0,"T,,W,2400",,,0,",,W",0,",,W",36,"H,,S",39,",,W",31,",,W",,,240,",,W",240,",,W",30,",,W",36,",,W",,,,,,,,,,,,,,,,,,
USW00024157,"SPOKANE INTERNATIONAL AIRPORT, WA US",47.6216,-117.528,717.2,12/13/18,14.99,",,W",0.15,",,W,2400",,,1.2,",,W",0,",,W",35,"H,,S",40,",,W",33,",,W",,,200,",,W",200,",,W",23.9,",,W",30,",,W",1,",,W",,,,,,,,,,,,,,,,
USW00024157,"SPOKANE INTERNATIONAL AIRPORT, WA US",47.6216,-117.528,717.2,12/14/18,12.08,",,W",0,"T,,W,2400",,,0,",,W",0,"T,,W",38,"H,,S",45,",,W",30,",,W",,,200,",,W",210,",,W",32,",,W",42.1,",,W",,,,,,,,,,,,,,,,,,
USW00024157,"SPOKANE INTERNATIONAL AIRPORT, WA US",47.6216,-117.528,717.2,12/15/18,11.41,",,W",0,"T,,W,2400",,,0,"T,,W",0,",,W",38,"H,,S",40,",,W",33,",,W",,,220,",,W",210,",,W",36,",,W",46.1,",,W",,,,,,,,,,,,,,,,,,
USW00024157,"SPOKANE INTERNATIONAL AIRPORT, WA US",47.6216,-117.528,717.2,12/16/18,8.5,",,W",0.47,",,W,2400",,,0.1,",,W",0,",,W",35,"H,,S",42,",,W",33,",,W",,,140,",,W",140,",,W",15,",,W",19.9,",,W",1,",,W",1,",,W",,,,,,,,,,,,,,
USW00024157,"SPOKANE INTERNATIONAL AIRPORT, WA US",47.6216,-117.528,717.2,12/17/18,8.5,",,W",0.02,",,W,2400",,,0,"T,,W",0,",,W",40,"H,,S",45,",,W",38,",,W",,,210,",,W",210,",,W",17,",,W",21.9,",,W",,,,,,,,,,,,,,,,,,
USW00024157,"SPOKANE INTERNATIONAL AIRPORT, WA US",47.6216,-117.528,717.2,12/18/18,20.58,",,W",0.6,",,W,2400",,,0,",,W",0,",,W",42,"H,,S",47,",,W",38,",,W",,,220,",,W",220,",,W",36,",,W",42.9,",,W",1,",,W",,,,,,,,,,,,,,,,
USW00024157,"SPOKANE INTERNATIONAL AIRPORT, WA US",47.6216,-117.528,717.2,12/19/18,11.41,",,W",0,",,W,2400",,,0,",,W",0,",,W",39,"H,,S",40,",,W",34,",,W",,,230,",,W",220,",,W",25.1,",,W",32,",,W",,,,,,,,,,,,,,,,,,
USW00024157,"SPOKANE INTERNATIONAL AIRPORT, WA US",47.6216,-117.528,717.2,12/20/18,14.99,",,W",0.12,",,W,2400",,,0,",,W",0,",,W",39,"H,,S",47,",,W",35,",,W",,,220,",,W",210,",,W",30,",,W",38.9,",,W",1,",,W",,,,,,,,,,,,,,,,
USW00024157,"SPOKANE INTERNATIONAL AIRPORT, WA US",47.6216,-117.528,717.2,12/21/18,13.42,",,W",0,",,W,2400",,,0,",,W",0,",,W",36,"H,,S",37,",,W",26,",,W",,,230,",,W",230,",,W",28,",,W",34,",,W",,,,,,,,,,,,,,,,,,
USW00024157,"SPOKANE INTERNATIONAL AIRPORT, WA US",47.6216,-117.528,717.2,12/22/18,6.04,",,W",0,"T,,W,2400",,,0,"T,,W",0,",,W",28,"H,,S",33,",,W",23,",,W",,,90,",,W",90,",,W",12.1,",,W",15,",,W",1,",,W",,,,,,,,,,,,,,,,
USW00024157,"SPOKANE INTERNATIONAL AIRPORT, WA US",47.6216,-117.528,717.2,12/23/18,6.49,",,W",0.11,",,W,2400",,,1.3,",,W",1.2,",,W",32,"H,,S",36,",,W",30,",,W",,,150,",,W",160,",,W",13,",,W",17,",,W",1,",,W",,,,,,,,,,,,,,,,
USW00024157,"SPOKANE INTERNATIONAL AIRPORT, WA US",47.6216,-117.528,717.2,12/24/18,3.58,",,W",0.01,",,W,2400",,,0,"T,,W",0,",,W",34,"H,,S",35,",,W",30,",,W",,,40,",,W",50,",,W",8.1,",,W",8.9,",,W",1,",,W",1,",,W",,,,,,,,,,,,,,
USW00024157,"SPOKANE INTERNATIONAL AIRPORT, WA US",47.6216,-117.528,717.2,12/25/18,4.92,",,W",0,"T,,W,2400",,,0,",,W",0,",,W",30,"H,,S",30,",,W",26,",,W",,,220,",,W",30,",,W",10.1,",,W",12.1,",,W",1,",,W",1,",,W",,,,,,,1,",,W",,,,,,
USW00024157,"SPOKANE INTERNATIONAL AIRPORT, WA US",47.6216,-117.528,717.2,12/26/18,4.25,",,W",0.23,",,W,2400",,,2.8,",,W",0,",,W",29,"H,,S",32,",,W",28,",,W",,,90,",,W",60,",,W",8.9,",,W",13,",,W",1,",,W",,,,,,,,,,,,,,,,
USW00024157,"SPOKANE INTERNATIONAL AIRPORT, WA US",47.6216,-117.528,717.2,12/27/18,3.36,",,W",0,"T,,W,2400",,,0,"T,,W",3.1,",,W",26,"H,,S",28,",,W",21,",,W",,,250,",,W",260,",,W",8.9,",,W",11,",,W",1,",,W",1,",,W",,,,,,,,,,,,,,
USW00024157,"SPOKANE INTERNATIONAL AIRPORT, WA US",47.6216,-117.528,717.2,12/28/18,6.71,",,W",0.19,",,W,2400",,,1.4,",,W",2,",,W",25,"H,,S",31,",,W",23,",,W",,,150,",,W",170,",,W",14.1,",,W",18.1,",,W",1,",,W",,,,,,,,,,,,,,,,
USW00024157,"SPOKANE INTERNATIONAL AIRPORT, WA US",47.6216,-117.528,717.2,12/29/18,19.91,",,W",0.07,",,W,2400",,,0.2,",,W",3.9,",,W",33,"H,,S",43,",,W",30,",,W",,,220,",,W",220,",,W",36,",,W",47,",,W",1,",,W",,,,,,,,,,,,,,,,
USW00024157,"SPOKANE INTERNATIONAL AIRPORT, WA US",47.6216,-117.528,717.2,12/30/18,10.74,",,W",0.02,",,W,2400",,,0.5,",,W",0,",,W",38,"H,,S",40,",,W",26,",,W",,,240,",,W",240,",,W",29.1,",,W",35.1,",,W",1,",,W",,,,,,,,,,,,,,,,
USW00024157,"SPOKANE INTERNATIONAL AIRPORT, WA US",47.6216,-117.528,717.2,12/31/18,4.7,",,W",0,",,W,2400",,,0,",,W",0,",,W",29,"H,,S",32,",,W",23,",,W",,,90,",,W",90,",,W",12.1,",,W",16.1,",,W",,,,,,,,,,,,,,,,,,